Source,Source Feed URL,Role,Company,Location,Posted Date,Trust,Quality,Final,Badge,Fraud Risk %,Listing URL,Apply URL
Jobicy API,https://jobicy.com/api/v2/remote-jobs?count=100,Senior Business Engineer – Ads,Reddit,USA,"May 23, 2026 (1 day ago)",92.93,95.0,93.55,Trusted Pick,1.39,https://jobicy.com/jobs/144633-senior-business-engineer-ads,https://www.redditinc.com/careers/
Jobicy API,https://jobicy.com/api/v2/remote-jobs?count=100,"Developer, Billing and Payments",1Password,"Canada, USA","May 24, 2026 (today)",92.69,95.0,93.38,Trusted Pick,1.84,https://jobicy.com/jobs/144696-developer-billing-and-payments,https://jobicy.com/jobs/144696-developer-billing-and-payments
Jobicy API,https://jobicy.com/api/v2/remote-jobs?count=100,Senior Data Platform Engineer,1Password,"Canada, USA","May 24, 2026 (today)",92.91,93.0,92.94,Trusted Pick,1.43,https://jobicy.com/jobs/144689-senior-data-platform-engineer,https://jobicy.com/jobs/144689-senior-data-platform-engineer
Jobicy API,https://jobicy.com/api/v2/remote-jobs?count=100,Transplant Agile Lead I,Sanofi,USA,"May 23, 2026 (1 day ago)",92.91,92.0,92.64,Trusted Pick,1.43,https://jobicy.com/jobs/144640-transplant-agile-lead-i,https://jobicy.com/jobs/144640-transplant-agile-lead-i
Jobicy API,https://jobicy.com/api/v2/remote-jobs?count=100,Accounting Process and AI Technology Expert,Gartner,USA,"May 23, 2026 (1 day ago)",92.91,92.0,92.64,Trusted Pick,1.43,https://jobicy.com/jobs/144635-accounting-process-and-ai-technology-expert,https://jobs.gartner.com/applicant-privacy-policy
Remotive API,https://remotive.com/api/remote-jobs,Mid/Senior AI Cinematic Video Editor (Full Remote - Worldwide),EverAI,Worldwide,"May 19, 2026 (5 days ago)",92.0,93.0,92.3,Trusted Pick,0.64,https://remotive.com/remote-jobs/artificial-intelligence/mid-senior-ai-cinematic-video-editor-full-remote-worldwide-2090887,https://remotive.com/remote-jobs/artificial-intelligence/mid-senior-ai-cinematic-video-editor-full-remote-worldwide-2090887
Jobicy API,https://jobicy.com/api/v2/remote-jobs?count=100,"Principal Product Manager, AI Native (Engagement)",Life360,"Canada, USA","May 24, 2026 (today)",92.96,90.0,92.07,Trusted Pick,1.35,https://jobicy.com/jobs/144695-principal-product-manager-ai-native-engagement,https://jobicy.com/jobs/144695-principal-product-manager-ai-native-engagement
Jobicy API,https://jobicy.com/api/v2/remote-jobs?count=100,"Sr Director Analyst – AI Strategy, Leadership and Operating Models (Remote – U.S.)",Gartner,USA,"May 23, 2026 (1 day ago)",92.87,90.0,92.01,Trusted Pick,1.52,https://jobicy.com/jobs/144637-sr-director-analyst-ai-strategy-leadership-and-operating-models-remote-u-s,https://jobs.gartner.com/applicant-privacy-policy
Jobicy API,https://jobicy.com/api/v2/remote-jobs?count=100,"Senior Technical Product Manager, Ads ML Platform",Reddit,USA,"May 23, 2026 (1 day ago)",92.87,90.0,92.01,Trusted Pick,1.51,https://jobicy.com/jobs/144634-senior-technical-product-manager-ads-ml-platform,https://www.redditinc.com/careers/
Jobicy API,https://jobicy.com/api/v2/remote-jobs?count=100,Technical Product Marketing Manager,Bloomreach,UK,"May 24, 2026 (today)",92.65,90.0,91.86,Trusted Pick,1.9,https://jobicy.com/jobs/144711-technical-product-marketing-manager,https://jobicy.com/jobs/144711-technical-product-marketing-manager
Jobicy API,https://jobicy.com/api/v2/remote-jobs?count=100,Customer Growth & Field Marketing Manager,EcoOnline,Canada,"May 24, 2026 (today)",92.95,89.0,91.76,Trusted Pick,1.37,https://jobicy.com/jobs/144675-customer-growth-field-marketing-manager,https://jobicy.com/jobs/144675-customer-growth-field-marketing-manager
Jobicy API,https://jobicy.com/api/v2/remote-jobs?count=100,Customer Marketer,Apollo.io,USA,"May 24, 2026 (today)",92.91,89.0,91.74,Trusted Pick,1.43,https://jobicy.com/jobs/144679-customer-marketer,https://jobicy.com/jobs/144679-customer-marketer
Jobicy API,https://jobicy.com/api/v2/remote-jobs?count=100,Enterprise Solutions Engineer – Germany,Elevenlabs,Germany,"May 24, 2026 (today)",93.44,87.0,91.5,Trusted Pick,0.48,https://jobicy.com/jobs/144716-enterprise-solutions-engineer-germany,https://jobicy.com/jobs/144716-enterprise-solutions-engineer-germany
Jobicy API,https://jobicy.com/api/v2/remote-jobs?count=100,"Senior Oncology Account Specialist Hematology Dallas, TX",Pfizer,USA,"May 23, 2026 (1 day ago)",92.97,88.0,91.48,Trusted Pick,1.32,https://jobicy.com/jobs/144642-senior-oncology-account-specialist-hematology-dallas-tx,https://jobicy.com/jobs/144642-senior-oncology-account-specialist-hematology-dallas-tx
Jobicy API,https://jobicy.com/api/v2/remote-jobs?count=100,Principal Software Engineer – Postgres,Clickhouse,Netherlands,"May 22, 2026 (2 days ago)",93.12,87.0,91.28,Trusted Pick,1.06,https://jobicy.com/jobs/144518-principal-software-engineer-postgres,https://jobicy.com/jobs/144518-principal-software-engineer-postgres
Jobicy API,https://jobicy.com/api/v2/remote-jobs?count=100,"Senior Manager, Customer Success Management – Enterprise/EMEA",Chainguard,USA,"May 24, 2026 (today)",93.08,87.0,91.25,Trusted Pick,1.13,https://jobicy.com/jobs/144672-senior-manager-customer-success-management-enterprise-emea,https://jobicy.com/jobs/144672-senior-manager-customer-success-management-enterprise-emea
Jobicy API,https://jobicy.com/api/v2/remote-jobs?count=100,"Consultant, Risk and Compliance",Marsh McLennan,Philippines,"May 22, 2026 (2 days ago)",92.22,89.0,91.25,Trusted Pick,2.7,https://jobicy.com/jobs/144524-consultant-risk-and-compliance,https://jobicy.com/jobs/144524-consultant-risk-and-compliance
Jobicy API,https://jobicy.com/api/v2/remote-jobs?count=100,AI/ML Engineering,Cint,Czechia,"May 24, 2026 (today)",92.58,88.0,91.21,Trusted Pick,2.04,https://jobicy.com/jobs/144709-ai-ml-engineering,https://jobicy.com/jobs/144709-ai-ml-engineering
Jobicy API,https://jobicy.com/api/v2/remote-jobs?count=100,UU/UX Junior AI Application Developer,ManTech,USA,"May 23, 2026 (1 day ago)",92.89,87.0,91.12,Trusted Pick,1.47,https://jobicy.com/jobs/144625-uu-ux-junior-ai-application-developer,https://jobicy.com/jobs/144625-uu-ux-junior-ai-application-developer
Jobicy API,https://jobicy.com/api/v2/remote-jobs?count=100,"Senior Manager, Solutions Architect",Vercel,Australia,"May 22, 2026 (2 days ago)",92.85,87.0,91.1,Trusted Pick,1.54,https://jobicy.com/jobs/144530-senior-manager-solutions-architect,https://jobicy.com/jobs/144530-senior-manager-solutions-architect
Jobicy API,https://jobicy.com/api/v2/remote-jobs?count=100,"Audit Planning & Risk Coverage Expert (Director/Analyst, Remote United States)",Gartner,USA,"May 23, 2026 (1 day ago)",92.82,87.0,91.07,Trusted Pick,1.6,https://jobicy.com/jobs/144636-audit-planning-risk-coverage-expert-director-analyst-remote-united-states,https://jobs.gartner.com/applicant-privacy-policy
Jobicy API,https://jobicy.com/api/v2/remote-jobs?count=100,"Salesforce Strategic Account Executive, Health & Life Sciences (HLS)",NeuraFlash,Canada,"May 24, 2026 (today)",93.22,86.0,91.05,Trusted Pick,0.87,https://jobicy.com/jobs/144688-salesforce-strategic-account-executive-health-life-sciences-hls,https://jobicy.com/jobs/144688-salesforce-strategic-account-executive-health-life-sciences-hls
Jobicy API,https://jobicy.com/api/v2/remote-jobs?count=100,Customer Service Representatives,Sutherland,USA,"May 24, 2026 (today)",91.9,89.0,91.03,Trusted Pick,3.27,https://jobicy.com/jobs/144674-customer-service-representatives-2,https://jobicy.com/jobs/144674-customer-service-representatives-2
Jobicy API,https://jobicy.com/api/v2/remote-jobs?count=100,Customer Operations (Auto Claims),Revecore,USA,"May 24, 2026 (today)",92.25,88.0,90.98,Trusted Pick,2.63,https://jobicy.com/jobs/144658-customer-operations-auto-claims-3,https://jobicy.com/jobs/144658-customer-operations-auto-claims-3
Remotive API,https://remotive.com/api/remote-jobs,Senior AI Video Artist,EverAI,Worldwide,"Apr 24, 2026 (30 days ago)",91.89,88.0,90.72,Trusted Pick,0.84,https://remotive.com/remote-jobs/marketing/senior-ai-video-artist-2089994,https://remotive.com/remote-jobs/marketing/senior-ai-video-artist-2089994
Jobicy API,https://jobicy.com/api/v2/remote-jobs?count=100,CBH Event Coordinator,University of Colorado,USA,"May 23, 2026 (1 day ago)",91.81,88.0,90.67,Trusted Pick,3.43,https://jobicy.com/jobs/144623-cbh-event-coordinator,https://jobicy.com/jobs/144623-cbh-event-coordinator
Jobicy API,https://jobicy.com/api/v2/remote-jobs?count=100,Staff Technical Account Manager,1Password,UK,"May 24, 2026 (today)",93.03,85.0,90.62,Trusted Pick,1.21,https://jobicy.com/jobs/144710-staff-technical-account-manager,https://jobicy.com/jobs/144710-staff-technical-account-manager
Jobicy API,https://jobicy.com/api/v2/remote-jobs?count=100,Senior Full Stack Engineer (US & Canada),infisical,USA,"May 23, 2026 (1 day ago)",93.38,84.0,90.57,Trusted Pick,0.57,https://jobicy.com/jobs/144622-senior-full-stack-engineer-us-canada,https://jobicy.com/jobs/144622-senior-full-stack-engineer-us-canada
Jobicy API,https://jobicy.com/api/v2/remote-jobs?count=100,Senior Power Platform Software Engineer,ManTech,USA,"May 23, 2026 (1 day ago)",92.08,87.0,90.55,Trusted Pick,2.95,https://jobicy.com/jobs/144628-senior-power-platform-software-engineer,https://jobicy.com/jobs/144628-senior-power-platform-software-engineer
Jobicy API,https://jobicy.com/api/v2/remote-jobs?count=100,Customer Success Manager (AUS),Spellbook,Australia,"May 24, 2026 (today)",92.46,86.0,90.53,Trusted Pick,2.25,https://jobicy.com/jobs/144678-customer-success-manager-aus,https://jobicy.com/jobs/144678-customer-success-manager-aus
Jobicy API,https://jobicy.com/api/v2/remote-jobs?count=100,Power Platform Software Engineer,ManTech,USA,"May 23, 2026 (1 day ago)",91.94,87.0,90.46,Trusted Pick,3.21,https://jobicy.com/jobs/144629-power-platform-software-engineer,https://jobicy.com/jobs/144629-power-platform-software-engineer
Jobicy API,https://jobicy.com/api/v2/remote-jobs?count=100,Product Owner – Canadian Payroll,Employment Hero,Canada,"May 24, 2026 (today)",91.9,87.0,90.43,Trusted Pick,3.26,https://jobicy.com/jobs/144697-product-owner-canadian-payroll,https://jobicy.com/jobs/144697-product-owner-canadian-payroll
Jobicy API,https://jobicy.com/api/v2/remote-jobs?count=100,Full Stack Developer,ManTech,USA,"May 23, 2026 (1 day ago)",92.31,86.0,90.42,Trusted Pick,2.52,https://jobicy.com/jobs/144627-full-stack-developer-3,https://jobicy.com/jobs/144627-full-stack-developer-3
Jobicy API,https://jobicy.com/api/v2/remote-jobs?count=100,Customer Onboarding Coach,Housecall Pro,USA,"May 24, 2026 (today)",92.27,86.0,90.39,Trusted Pick,2.59,https://jobicy.com/jobs/144676-customer-onboarding-coach,https://jobicy.com/jobs/144676-customer-onboarding-coach
Remotive API,https://remotive.com/api/remote-jobs,Staff Product Engineer,LawnStarter,Brazil,"May 21, 2026 (3 days ago)",91.28,88.0,90.3,Trusted Pick,1.94,https://remotive.com/remote-jobs/product/staff-product-engineer-2090890,https://remotive.com/remote-jobs/product/staff-product-engineer-2090890
Jobicy API,https://jobicy.com/api/v2/remote-jobs?count=100,Customer Success Manager- Australia Clients,Sleek,Philippines,"May 22, 2026 (2 days ago)",93.13,83.0,90.09,Trusted Pick,1.04,https://jobicy.com/jobs/144526-customer-success-manager-australia-clients,https://jobicy.com/jobs/144526-customer-success-manager-australia-clients
Jobicy API,https://jobicy.com/api/v2/remote-jobs?count=100,Executive Partner (CIO Advisory) – Banking & Financial Services Clients,Gartner,USA,"May 23, 2026 (1 day ago)",92.89,83.0,89.92,Trusted Pick,1.48,https://jobicy.com/jobs/144638-executive-partner-cio-advisory-banking-financial-services-clients,https://jobs.gartner.com/applicant-privacy-policy
Jobicy API,https://jobicy.com/api/v2/remote-jobs?count=100,Customer Success Manager,GitLab,"Canada, USA","May 24, 2026 (today)",92.7,83.0,89.79,Trusted Pick,1.81,https://jobicy.com/jobs/144683-customer-success-manager-30,https://jobicy.com/jobs/144683-customer-success-manager-30
Jobicy API,https://jobicy.com/api/v2/remote-jobs?count=100,"Associate Customer Success Manager, Oncology",Natera,USA,"May 24, 2026 (today)",93.05,82.0,89.74,Trusted Pick,1.17,https://jobicy.com/jobs/144677-associate-customer-success-manager-oncology,https://www.natera.com/notice-of-data-collection-california-residents/
Jobicy API,https://jobicy.com/api/v2/remote-jobs?count=100,Senior Client Partner,LivePerson,Canada,"May 24, 2026 (today)",89.57,90.0,89.7,Trusted Pick,0.96,https://jobicy.com/jobs/144693-senior-client-partner,https://jobicy.com/jobs/144693-senior-client-partner
Jobicy API,https://jobicy.com/api/v2/remote-jobs?count=100,Senior Program Manager,ManTech,USA,"May 23, 2026 (1 day ago)",92.05,84.0,89.64,Trusted Pick,3.0,https://jobicy.com/jobs/144630-senior-program-manager,https://jobicy.com/jobs/144630-senior-program-manager
Remotive API,https://remotive.com/api/remote-jobs,iOS Developer,nooro,USA,"May 09, 2026 (15 days ago)",91.56,85.0,89.59,Trusted Pick,1.44,https://remotive.com/remote-jobs/software-development/ios-developer-1956455,https://nooro-us.com/
Jobicy API,https://jobicy.com/api/v2/remote-jobs?count=100,"Director, FP&A",StackAdapt,Canada,"May 24, 2026 (today)",91.9,84.0,89.53,Trusted Pick,3.28,https://jobicy.com/jobs/144691-director-fpa,https://jobicy.com/jobs/144691-director-fpa
USAJOBS API,https://data.usajobs.gov/api/search,Radiologist- Hampton (Remote),Veterans Health Administration,Anywhere in the U.S. (remote job),"May 15, 2026 (9 days ago)",90.58,87.0,89.51,Trusted Pick,5.66,https://www.usajobs.gov:443/job/869547800,https://www.usajobs.gov:443/job/869547800
Jobicy API,https://jobicy.com/api/v2/remote-jobs?count=100,Customer Service Leader,GE Vernova,USA,"May 24, 2026 (today)",88.41,92.0,89.49,Trusted Pick,9.61,https://jobicy.com/jobs/144685-customer-service-leader,https://jobicy.com/jobs/144685-customer-service-leader
Remotive API,https://remotive.com/api/remote-jobs,Office Assistant,Coalition Technologies,Worldwide,"May 11, 2026 (13 days ago)",89.68,89.0,89.48,Trusted Pick,4.86,https://remotive.com/remote-jobs/marketing/office-assistant-1680495,https://remotive.com/remote-jobs/marketing/office-assistant-1680495
USAJOBS API,https://data.usajobs.gov/api/search,Physician - Cardiology,Veterans Health Administration,Anywhere in the U.S. (remote job),"May 13, 2026 (12 days ago)",91.29,85.0,89.4,Trusted Pick,4.38,https://www.usajobs.gov:443/job/869105800,https://www.usajobs.gov:443/job/869105800
Jobicy API,https://jobicy.com/api/v2/remote-jobs?count=100,Senior Python Software Engineer (Backend Workflows Team) ANZ,Canva,"Australia, New Zealand","May 22, 2026 (2 days ago)",93.3,80.0,89.31,Trusted Pick,0.72,https://jobicy.com/jobs/144528-senior-python-software-engineer-backend-workflows-team-open-to-remote-across-anz,https://jobicy.com/jobs/144528-senior-python-software-engineer-backend-workflows-team-open-to-remote-across-anz
Jobicy API,https://jobicy.com/api/v2/remote-jobs?count=100,"Software Engineer, Agentic Data Plane",Redpanda Data,Poland,"May 22, 2026 (2 days ago)",93.24,80.0,89.27,Trusted Pick,0.84,https://jobicy.com/jobs/144511-software-engineer-agentic-data-plane,https://jobicy.com/jobs/144511-software-engineer-agentic-data-plane
Jobicy API,https://jobicy.com/api/v2/remote-jobs?count=100,"Sr. Engineering Manager, Agentic Data Plane",Redpanda Data,Poland,"May 22, 2026 (2 days ago)",93.22,80.0,89.26,Trusted Pick,0.87,https://jobicy.com/jobs/144516-sr-engineering-manager-agentic-data-plane,https://jobicy.com/jobs/144516-sr-engineering-manager-agentic-data-plane
Remotive API,https://remotive.com/api/remote-jobs,Business Transformation Lead,Expion Health,USA,"May 13, 2026 (11 days ago)",91.48,84.0,89.24,Trusted Pick,1.58,https://remotive.com/remote-jobs/artificial-intelligence/business-transformation-lead-2090881,https://remotive.com/remote-jobs/artificial-intelligence/business-transformation-lead-2090881
Remotive API,https://remotive.com/api/remote-jobs,Senior Full-stack React Developer,Lemon.io,"Americas, Europe, Asia, Oceania","May 15, 2026 (9 days ago)",93.19,80.0,89.23,Trusted Pick,0.93,https://remotive.com/remote-jobs/software-development/senior-full-stack-react-developer-2088711,https://remotive.com/remote-jobs/software-development/senior-full-stack-react-developer-2088711
Jobicy API,https://jobicy.com/api/v2/remote-jobs?count=100,Senior Privacy Program Manager,Mercury,"Canada, USA","May 24, 2026 (today)",93.14,80.0,89.2,Trusted Pick,1.01,https://jobicy.com/jobs/144692-senior-privacy-program-manager,https://jobicy.com/jobs/144692-senior-privacy-program-manager
Jobicy API,https://jobicy.com/api/v2/remote-jobs?count=100,Customer Operations Director,Skillsoft,UK,"May 24, 2026 (today)",92.2,82.0,89.14,Trusted Pick,2.72,https://jobicy.com/jobs/144681-customer-operations-director,https://jobicy.com/jobs/144681-customer-operations-director
Jobicy API,https://jobicy.com/api/v2/remote-jobs?count=100,Field Technician II,Astreya,USA,"May 23, 2026 (1 day ago)",91.22,84.0,89.06,Trusted Pick,4.5,https://jobicy.com/jobs/144641-field-technician-ii,https://jobicy.com/jobs/144641-field-technician-ii
Jobicy API,https://jobicy.com/api/v2/remote-jobs?count=100,Junior Customer Support Specialist,Paddle,Portugal,"May 22, 2026 (2 days ago)",93.23,79.0,88.96,Trusted Pick,0.85,https://jobicy.com/jobs/144519-junior-customer-support-specialist,https://jobicy.com/jobs/144519-junior-customer-support-specialist
Remotive API,https://remotive.com/api/remote-jobs,Paid Media Specialist,Noventra Group Europe,Worldwide,"May 18, 2026 (6 days ago)",91.85,82.0,88.9,Trusted Pick,0.9,https://remotive.com/remote-jobs/marketing/paid-media-specialist-2090885,https://remotive.com/remote-jobs/marketing/paid-media-specialist-2090885
Jobicy API,https://jobicy.com/api/v2/remote-jobs?count=100,"Customer Project Manager, Imaging Systems / Construction – Arizona",Philips,USA,"May 24, 2026 (today)",91.82,82.0,88.88,Trusted Pick,3.41,https://jobicy.com/jobs/144684-customer-project-manager-imaging-systems-construction-arizona,https://jobicy.com/jobs/144684-customer-project-manager-imaging-systems-construction-arizona
Jobicy API,https://jobicy.com/api/v2/remote-jobs?count=100,"Staff Software Engineer, Agentic Data Plane (Poland)",Redpanda Data,Poland,"May 22, 2026 (2 days ago)",93.03,79.0,88.82,Trusted Pick,1.21,https://jobicy.com/jobs/144510-staff-software-engineer-agentic-data-plane-poland,https://jobicy.com/jobs/144510-staff-software-engineer-agentic-data-plane-poland
We Work Remotely RSS,https://weworkremotely.com/remote-jobs.rss,Staff Software Engineer - AI Website Builder - US (Remote),Luxury Presence,Anywhere in the World,"May 21, 2026 (3 days ago)",88.22,90.0,88.75,Trusted Pick,0.97,https://weworkremotely.com/remote-jobs/luxury-presence-staff-software-engineer-ai-website-builder-us-remote,https://weworkremotely.com/remote-jobs/luxury-presence-staff-software-engineer-ai-website-builder-us-remote
Jobicy API,https://jobicy.com/api/v2/remote-jobs?count=100,Order Processing Specialist (Philippines Remote),"Turnitin, LLC",Philippines,"May 22, 2026 (2 days ago)",92.05,81.0,88.74,Trusted Pick,2.99,https://jobicy.com/jobs/144531-order-processing-specialist-philippines-remote,https://jobicy.com/jobs/144531-order-processing-specialist-philippines-remote
USAJOBS API,https://data.usajobs.gov/api/search,Physician-Diagnostic Radiologist-Recruitment/Relocation Incentive-EDRP Authorized,Veterans Health Administration,Anywhere in the U.S. (remote job),"May 08, 2026 (16 days ago)",91.17,83.0,88.72,Trusted Pick,4.61,https://www.usajobs.gov:443/job/868648600,https://www.usajobs.gov:443/job/868648600
Jobicy API,https://jobicy.com/api/v2/remote-jobs?count=100,Records Retrieval Specialist – South Carolina,Humana,USA,"May 23, 2026 (1 day ago)",87.22,92.0,88.66,Trusted Pick,5.23,https://jobicy.com/jobs/144639-records-retrieval-specialist-south-carolina,https://jobicy.com/jobs/144639-records-retrieval-specialist-south-carolina
Remotive API,https://remotive.com/api/remote-jobs,Senior DevOps Engineer,Lemon.io,"Americas, Europe, Asia, Oceania","Apr 30, 2026 (24 days ago)",93.16,78.0,88.61,Trusted Pick,0.98,https://remotive.com/remote-jobs/devops/senior-devops-engineer-2090002,https://remotive.com/remote-jobs/devops/senior-devops-engineer-2090002
Jobicy API,https://jobicy.com/api/v2/remote-jobs?count=100,Technical Account Manager,CommandLink,"Argentina, Brazil, Ireland, Mexico","May 24, 2026 (today)",92.64,79.0,88.55,Trusted Pick,1.92,https://jobicy.com/jobs/144713-technical-account-manager-5,https://jobicy.com/jobs/144713-technical-account-manager-5
Jobicy API,https://jobicy.com/api/v2/remote-jobs?count=100,"SVP, Business Development","Keyfactor, Inc.",Switzerland,"May 22, 2026 (2 days ago)",91.77,81.0,88.54,Trusted Pick,3.51,https://jobicy.com/jobs/144517-svp-business-development,https://jobicy.com/jobs/144517-svp-business-development
Jobicy API,https://jobicy.com/api/v2/remote-jobs?count=100,Inside Sales Representative – London,Tripadvisor,UK,"May 24, 2026 (today)",92.99,78.0,88.5,Trusted Pick,1.28,https://jobicy.com/jobs/144723-inside-sales-representative-london,https://jobicy.com/jobs/144723-inside-sales-representative-london
Jobicy API,https://jobicy.com/api/v2/remote-jobs?count=100,Business Development Representative – London,Tripadvisor,UK,"May 24, 2026 (today)",92.98,78.0,88.48,Trusted Pick,1.32,https://jobicy.com/jobs/144725-business-development-representative-london,https://jobicy.com/jobs/144725-business-development-representative-london
Jobicy API,https://jobicy.com/api/v2/remote-jobs?count=100,AI Engineer,Ruby Labs,Ukraine,"May 22, 2026 (2 days ago)",92.41,79.0,88.39,Trusted Pick,2.35,https://jobicy.com/jobs/144512-ai-engineer-3,https://rubylabs.com/about-us/
Jobicy API,https://jobicy.com/api/v2/remote-jobs?count=100,Lead Insurance Pricing Analyst,Monzo,UK,"May 24, 2026 (today)",91.55,81.0,88.38,Trusted Pick,1.46,https://jobicy.com/jobs/144714-lead-insurance-pricing-analyst,https://jobicy.com/jobs/144714-lead-insurance-pricing-analyst
Jobicy API,https://jobicy.com/api/v2/remote-jobs?count=100,Professor of Dark Arts,Coursera,Germany,"May 22, 2026 (2 days ago)",93.18,77.0,88.32,Trusted Pick,0.95,https://jobicy.com/jobs/144515-professor-of-dark-arts,https://jobicy.com/jobs/144515-professor-of-dark-arts
Remotive API,https://remotive.com/api/remote-jobs,Director of Revenue Systems and AI Automation (Offshore),Caul Group,LATAM,"May 11, 2026 (13 days ago)",87.79,89.0,88.15,Trusted Pick,1.75,https://remotive.com/remote-jobs/artificial-intelligence/director-of-revenue-systems-and-ai-automation-offshore-2090878,https://remotive.com/remote-jobs/artificial-intelligence/director-of-revenue-systems-and-ai-automation-offshore-2090878
Jobicy API,https://jobicy.com/api/v2/remote-jobs?count=100,Product Operations Director,Zone & Co,UK,"May 24, 2026 (today)",92.79,77.0,88.06,Trusted Pick,1.65,https://jobicy.com/jobs/144718-product-operations-director,https://www.zoneandco.com/careers
Remotive API,https://remotive.com/api/remote-jobs,Tech Lead Full-Stack Rails Engineer,Mitre Media,"USA, Canada, USA timezones","May 14, 2026 (10 days ago)",91.87,79.0,88.01,Trusted Pick,0.88,https://remotive.com/remote-jobs/software-development/tech-lead-full-stack-rails-engineer-2069746,https://remotive.com/remote-jobs/software-development/tech-lead-full-stack-rails-engineer-2069746
Jobicy API,https://jobicy.com/api/v2/remote-jobs?count=100,Field Sales Representative – Gothenburg,Tripadvisor,Sweden,"May 22, 2026 (2 days ago)",92.95,76.0,87.87,Trusted Pick,1.36,https://jobicy.com/jobs/144520-field-sales-representative-gothenburg,https://jobicy.com/jobs/144520-field-sales-representative-gothenburg
USAJOBS API,https://data.usajobs.gov/api/search,Physician - Diagnostic Radiologist,Veterans Health Administration,Anywhere in the U.S. (remote job),"Jan 16, 2026 (128 days ago)",91.23,80.0,87.86,Trusted Pick,4.5,https://www.usajobs.gov:443/job/854743800,https://www.usajobs.gov:443/job/854743800
We Work Remotely RSS,https://weworkremotely.com/remote-jobs.rss,"Senior Manager, Finance Strategy & Planning",Cohesity,Washington,"May 21, 2026 (3 days ago)",87.76,88.0,87.83,Trusted Pick,1.81,https://weworkremotely.com/remote-jobs/cohesity-senior-manager-finance-strategy-planning,https://weworkremotely.com/remote-jobs/cohesity-senior-manager-finance-strategy-planning
Jobicy API,https://jobicy.com/api/v2/remote-jobs?count=100,Music Streaming Platform Customer Specialist with Turkish and English (Remote in Bulgaria),Sutherland,Bulgaria,"May 24, 2026 (today)",91.58,79.0,87.81,Trusted Pick,3.85,https://jobicy.com/jobs/144680-music-streaming-platform-customer-specialist-with-turkish-and-english-remote-in-bulgaria,https://jobicy.com/jobs/144680-music-streaming-platform-customer-specialist-with-turkish-and-english-remote-in-bulgaria
Remotive API,https://remotive.com/api/remote-jobs,Head of Engineering,Lemon.io,"USA timezones, European timezones","Apr 24, 2026 (30 days ago)",91.53,79.0,87.77,Trusted Pick,1.49,https://remotive.com/remote-jobs/software-development/head-of-engineering-2089995,https://remotive.com/remote-jobs/software-development/head-of-engineering-2089995
Jobicy API,https://jobicy.com/api/v2/remote-jobs?count=100,HR Program Manager,Skillsoft,UK,"May 24, 2026 (today)",92.8,76.0,87.76,Trusted Pick,1.64,https://jobicy.com/jobs/144712-hr-program-manager,https://jobicy.com/jobs/144712-hr-program-manager
We Work Remotely RSS,https://weworkremotely.com/remote-jobs.rss,Product Marketing Manager,Bazaarvoice,Anywhere in the World,"May 18, 2026 (6 days ago)",85.08,94.0,87.76,Trusted Pick,6.67,https://weworkremotely.com/remote-jobs/bazaarvoice-product-marketing-manager,https://weworkremotely.com/remote-jobs/bazaarvoice-product-marketing-manager
Jobicy API,https://jobicy.com/api/v2/remote-jobs?count=100,Journeyman Data Scientist,ManTech,USA,"May 23, 2026 (1 day ago)",92.36,77.0,87.75,Trusted Pick,2.43,https://jobicy.com/jobs/144624-journeyman-data-scientist,https://jobicy.com/jobs/144624-journeyman-data-scientist
USAJOBS API,https://data.usajobs.gov/api/search,Homeland Defender (Immigration Services Officer),Citizenship and Immigration Services,Anywhere in the U.S. (remote job),"Sep 30, 2025 (237 days ago)",91.85,78.0,87.69,Trusted Pick,3.36,https://www.usajobs.gov:443/job/847041700,https://www.usajobs.gov:443/job/847041700
Jobicy API,https://jobicy.com/api/v2/remote-jobs?count=100,Bilingual Remote Licensed Customer Service Representative,Liberty Mutual,USA,"May 24, 2026 (today)",91.82,78.0,87.67,Trusted Pick,3.42,https://jobicy.com/jobs/144659-bilingual-remote-licensed-customer-service-representative,https://LMI.co/Benefits
USAJOBS API,https://data.usajobs.gov/api/search,Homeland Defender (Immigration Services Officer),Citizenship and Immigration Services,Anywhere in the U.S. (remote job),"Sep 30, 2025 (237 days ago)",91.77,78.0,87.64,Trusted Pick,3.51,https://www.usajobs.gov:443/job/847039500,https://www.usajobs.gov:443/job/847039500
Remotive API,https://remotive.com/api/remote-jobs,Senior Independent Software Developer,A.Team,"Americas, Europe, Israel","May 16, 2026 (8 days ago)",91.77,78.0,87.64,Trusted Pick,1.05,https://remotive.com/remote-jobs/software-development/senior-independent-software-developer-1919265,https://build.a.team/remotivereferral
We Work Remotely RSS,https://weworkremotely.com/remote-jobs.rss,Senior QLab Support Specialist (half time),Figure 53,"Anywhere in the World, Maryland, 🇺🇸 United States of America","May 18, 2026 (6 days ago)",87.44,88.0,87.61,Trusted Pick,2.39,https://weworkremotely.com/remote-jobs/figure-53-senior-qlab-support-specialist-half-time-1,https://weworkremotely.com/remote-jobs/figure-53-senior-qlab-support-specialist-half-time-1
Jobicy API,https://jobicy.com/api/v2/remote-jobs?count=100,Lead Graphic Designer/ Ilustrator,Fortis Games,Hungary,"May 22, 2026 (2 days ago)",93.33,74.0,87.53,Trusted Pick,0.67,https://jobicy.com/jobs/144514-lead-graphic-designer-ilustrator,https://jobicy.com/jobs/144514-lead-graphic-designer-ilustrator
Jobicy API,https://jobicy.com/api/v2/remote-jobs?count=100,Account Manager,GE Healthcare,China,"May 22, 2026 (2 days ago)",92.02,77.0,87.51,Trusted Pick,3.06,https://jobicy.com/jobs/144525-account-manager,https://jobicy.com/jobs/144525-account-manager
Jobicy API,https://jobicy.com/api/v2/remote-jobs?count=100,Sr. Client Account Manager (12 Months Fixed Term),Pinterest,Australia,"May 22, 2026 (2 days ago)",93.26,74.0,87.48,Trusted Pick,0.8,https://jobicy.com/jobs/144523-sr-client-account-manager-12-months-fixed-term,https://jobicy.com/jobs/144523-sr-client-account-manager-12-months-fixed-term
Jobicy API,https://jobicy.com/api/v2/remote-jobs?count=100,Requistioning Agent,ManTech,USA,"May 23, 2026 (1 day ago)",88.06,86.0,87.44,Trusted Pick,3.71,https://jobicy.com/jobs/144626-requistioning-agent,https://jobicy.com/jobs/144626-requistioning-agent
We Work Remotely RSS,https://weworkremotely.com/remote-jobs.rss,Senior Frontend Developer,Sanctuary Computer,"Anywhere in the World, New York","Apr 30, 2026 (24 days ago)",88.4,85.0,87.38,Trusted Pick,0.63,https://weworkremotely.com/remote-jobs/sanctuary-computer-senior-frontend-developer-2,https://weworkremotely.com/remote-jobs/sanctuary-computer-senior-frontend-developer-2
Jobicy API,https://jobicy.com/api/v2/remote-jobs?count=100,"Energy Manager, Transmission",Meta,USA,"May 23, 2026 (1 day ago)",92.64,75.0,87.35,Trusted Pick,1.93,https://jobicy.com/jobs/144631-energy-manager-transmission-2,https://jobicy.com/jobs/144631-energy-manager-transmission-2
Jobicy API,https://jobicy.com/api/v2/remote-jobs?count=100,Clinical Territory Associate,Intuitive,South Korea,"May 22, 2026 (2 days ago)",92.59,75.0,87.31,Trusted Pick,2.02,https://jobicy.com/jobs/144527-clinical-territory-associate,https://jobicy.com/jobs/144527-clinical-territory-associate
Jobicy API,https://jobicy.com/api/v2/remote-jobs?count=100,Sales Account Executive,Monzo,UK,"May 24, 2026 (today)",91.66,77.0,87.27,Trusted Pick,1.25,https://jobicy.com/jobs/144717-sales-account-executive,https://jobicy.com/jobs/144717-sales-account-executive
We Work Remotely RSS,https://weworkremotely.com/remote-jobs.rss,Digital Product Lead,silverorange,"Anywhere in the World, Prince Edward Island, 🇨🇦 Canada","May 07, 2026 (17 days ago)",88.15,85.0,87.21,Trusted Pick,1.09,https://weworkremotely.com/remote-jobs/silverorange-digital-product-lead,https://weworkremotely.com/remote-jobs/silverorange-digital-product-lead
Jobicy API,https://jobicy.com/api/v2/remote-jobs?count=100,Customer Success Specialist,Think Academy US,USA,"May 24, 2026 (today)",90.7,79.0,87.19,Trusted Pick,2.18,https://jobicy.com/jobs/144673-customer-success-specialist,https://jobicy.com/jobs/144673-customer-success-specialist
Jobicy API,https://jobicy.com/api/v2/remote-jobs?count=100,Privacy Counsel,HackerOne,UK,"May 24, 2026 (today)",89.36,82.0,87.15,Trusted Pick,1.35,https://jobicy.com/jobs/144721-privacy-counsel,https://jobicy.com/jobs/144721-privacy-counsel
Jobicy API,https://jobicy.com/api/v2/remote-jobs?count=100,Regional Customer Support Director,GE Vernova,UK,"May 24, 2026 (today)",91.51,77.0,87.15,Trusted Pick,3.99,https://jobicy.com/jobs/144687-regional-customer-support-director,https://jobicy.com/jobs/144687-regional-customer-support-director
USAJOBS API,https://data.usajobs.gov/api/search,Installation Child and Youth Program Director (Small or Medium),"Commander, Navy Installations Command",Anywhere in the U.S. (remote job),"May 14, 2026 (11 days ago)",91.46,77.0,87.12,Trusted Pick,4.07,https://www.usajobs.gov:443/job/869427900,https://www.usajobs.gov:443/job/869427900
We Work Remotely RSS,https://weworkremotely.com/remote-jobs.rss,Customer Success Manager (Tech Startup),Rankbreeze,"Anywhere in the World, Delaware","May 13, 2026 (11 days ago)",87.82,85.0,86.98,Trusted Pick,1.69,https://weworkremotely.com/remote-jobs/rankbreeze-customer-success-manager-tech-startup-1,https://jobs.cvviz.com/rankbreeze/job_80105_Customer_Success_Manager_(Tech_Startup
Jobicy API,https://jobicy.com/api/v2/remote-jobs?count=100,Sr Services Manager 2 – Customer Service Management,GE Vernova,USA,"May 24, 2026 (today)",87.31,86.0,86.92,Trusted Pick,11.62,https://jobicy.com/jobs/144686-sr-services-manager-2-customer-service-management,https://jobicy.com/jobs/144686-sr-services-manager-2-customer-service-management
Jobicy API,https://jobicy.com/api/v2/remote-jobs?count=100,"Senior Product Manager, Payments",Monzo,UK,"May 24, 2026 (today)",91.58,76.0,86.91,Trusted Pick,1.4,https://jobicy.com/jobs/144720-senior-product-manager-payments,https://jobicy.com/jobs/144720-senior-product-manager-payments
Jobicy API,https://jobicy.com/api/v2/remote-jobs?count=100,Help Desk Agent (German Speaker)- Hospitality- Remote Role (m/f/d),Oracle,Germany,"May 24, 2026 (today)",92.42,74.0,86.9,Trusted Pick,2.32,https://jobicy.com/jobs/144715-help-desk-agent-german-speaker-hospitality-remote-role-m-f-d,https://www.oracle.com/corporate/careers/diversity-inclusion/
We Work Remotely RSS,https://weworkremotely.com/remote-jobs.rss,Staff Product Engineer,LawnStarter,Anywhere in the World,"May 21, 2026 (3 days ago)",87.66,85.0,86.86,Trusted Pick,1.99,https://weworkremotely.com/remote-jobs/lawnstarter-staff-product-engineer,https://weworkremotely.com/remote-jobs/lawnstarter-staff-product-engineer
Jobicy API,https://jobicy.com/api/v2/remote-jobs?count=100,Financial Reporting Manager,Monzo,UK,"May 24, 2026 (today)",91.06,77.0,86.84,Trusted Pick,2.34,https://jobicy.com/jobs/144719-financial-reporting-manager,https://jobicy.com/jobs/144719-financial-reporting-manager
Jobicy API,https://jobicy.com/api/v2/remote-jobs?count=100,Director of Product Design (Canada),Proof,Canada,"May 24, 2026 (today)",92.6,73.0,86.72,Trusted Pick,2.0,https://jobicy.com/jobs/144694-director-of-product-design-canada,https://jobicy.com/jobs/144694-director-of-product-design-canada
Remotive API,https://remotive.com/api/remote-jobs,Inside Sales Contractor,"Credit Wellness, LLC",Worldwide,"May 08, 2026 (16 days ago)",90.77,77.0,86.64,Trusted Pick,2.87,https://remotive.com/remote-jobs/sales/inside-sales-contractor-2086540,https://remotive.com/remote-jobs/sales/inside-sales-contractor-2086540
USAJOBS API,https://data.usajobs.gov/api/search,"Physician - Staff Radiologist-Recruitment/Incentive UP TO 50,000",Veterans Health Administration,Anywhere in the U.S. (remote job),"Mar 31, 2026 (55 days ago)",89.23,80.0,86.46,Trusted Pick,8.13,https://www.usajobs.gov:443/job/863337200,https://www.usajobs.gov:443/job/863337200
Jobicy API,https://jobicy.com/api/v2/remote-jobs?count=100,Supervisor Field Services,Verra Mobility,USA,"May 23, 2026 (1 day ago)",90.06,78.0,86.44,Trusted Pick,6.62,https://jobicy.com/jobs/144643-supervisor-field-services,https://jobicy.com/jobs/144643-supervisor-field-services
Jobicy API,https://jobicy.com/api/v2/remote-jobs?count=100,Customer Service Representative (Greek & English),Binance,Greece,"May 24, 2026 (today)",89.28,79.0,86.2,Trusted Pick,1.48,https://jobicy.com/jobs/144670-customer-service-representative-greek-english,https://jobicy.com/jobs/144670-customer-service-representative-greek-english
Jobicy API,https://jobicy.com/api/v2/remote-jobs?count=100,Customer Service Representative (Swedish & English),Binance,Estonia,"May 24, 2026 (today)",89.25,79.0,86.18,Trusted Pick,1.54,https://jobicy.com/jobs/144671-customer-service-representative-swedish-english,https://jobicy.com/jobs/144671-customer-service-representative-swedish-english
Jobicy API,https://jobicy.com/api/v2/remote-jobs?count=100,Customer Service Representative (Dutch & English),Binance,Portugal,"May 24, 2026 (today)",89.26,79.0,86.18,Trusted Pick,1.53,https://jobicy.com/jobs/144668-customer-service-representative-dutch-english,https://jobicy.com/jobs/144668-customer-service-representative-dutch-english
Jobicy API,https://jobicy.com/api/v2/remote-jobs?count=100,Customer Service Representative (Latvian & English),Binance,Latvia,"May 24, 2026 (today)",89.25,79.0,86.18,Trusted Pick,1.55,https://jobicy.com/jobs/144667-customer-service-representative-latvian-english,https://jobicy.com/jobs/144667-customer-service-representative-latvian-english
Jobicy API,https://jobicy.com/api/v2/remote-jobs?count=100,Customer Service Representative (Estonian & English),Binance,Estonia,"May 24, 2026 (today)",89.25,79.0,86.18,Trusted Pick,1.55,https://jobicy.com/jobs/144666-customer-service-representative-estonian-english,https://jobicy.com/jobs/144666-customer-service-representative-estonian-english
Jobicy API,https://jobicy.com/api/v2/remote-jobs?count=100,Customer Service Representative (Lithuanian & English),Binance,Latvia,"May 24, 2026 (today)",89.25,79.0,86.18,Trusted Pick,1.55,https://jobicy.com/jobs/144665-customer-service-representative-lithuanian-english,https://jobicy.com/jobs/144665-customer-service-representative-lithuanian-english
Jobicy API,https://jobicy.com/api/v2/remote-jobs?count=100,Customer Service Representative (Croatian & English),Binance,Croatia,"May 24, 2026 (today)",89.25,79.0,86.18,Trusted Pick,1.55,https://jobicy.com/jobs/144664-customer-service-representative-croatian-english,https://jobicy.com/jobs/144664-customer-service-representative-croatian-english
Jobicy API,https://jobicy.com/api/v2/remote-jobs?count=100,Customer Service Representative (Slovenian & English),Binance,Slovenia,"May 24, 2026 (today)",89.25,79.0,86.18,Trusted Pick,1.55,https://jobicy.com/jobs/144663-customer-service-representative-slovenian-english,https://jobicy.com/jobs/144663-customer-service-representative-slovenian-english
Jobicy API,https://jobicy.com/api/v2/remote-jobs?count=100,Customer Service Representative (Slovak & English),Binance,Slovakia,"May 24, 2026 (today)",89.25,79.0,86.18,Trusted Pick,1.55,https://jobicy.com/jobs/144661-customer-service-representative-slovak-english,https://jobicy.com/jobs/144661-customer-service-representative-slovak-english
Jobicy API,https://jobicy.com/api/v2/remote-jobs?count=100,Customer Service Representative (Czech & English),Binance,Czechia,"May 24, 2026 (today)",89.25,79.0,86.18,Trusted Pick,1.55,https://jobicy.com/jobs/144660-customer-service-representative-czech-english,https://jobicy.com/jobs/144660-customer-service-representative-czech-english
Jobicy API,https://jobicy.com/api/v2/remote-jobs?count=100,Customer Service Representative (Danish & English),Binance,Portugal,"May 24, 2026 (today)",89.25,79.0,86.17,Trusted Pick,1.55,https://jobicy.com/jobs/144669-customer-service-representative-danish-english,https://jobicy.com/jobs/144669-customer-service-representative-danish-english
Jobicy API,https://jobicy.com/api/v2/remote-jobs?count=100,Customer Service Representative (Hungarian & English),Binance,Hungary,"May 24, 2026 (today)",89.25,79.0,86.17,Trusted Pick,1.55,https://jobicy.com/jobs/144662-customer-service-representative-hungarian-english,https://jobicy.com/jobs/144662-customer-service-representative-hungarian-english
Remotive API,https://remotive.com/api/remote-jobs,Copywriter,Coalition Technologies,Worldwide,"May 02, 2026 (22 days ago)",90.81,75.0,86.07,Trusted Pick,2.79,https://remotive.com/remote-jobs/writing/copywriter-1749306,https://remotive.com/remote-jobs/writing/copywriter-1749306
Jobicy API,https://jobicy.com/api/v2/remote-jobs?count=100,Part-time Online Data Analyst – Latvian (LV),TELUS International,Latvia,"May 24, 2026 (today)",92.77,70.0,85.94,Trusted Pick,1.7,https://jobicy.com/jobs/144722-part-time-online-data-analyst-latvian-lv,https://jobicy.com/jobs/144722-part-time-online-data-analyst-latvian-lv
Jobicy API,https://jobicy.com/api/v2/remote-jobs?count=100,Part-time Online Ad Rater – German (PL),TELUS International,Poland,"May 24, 2026 (today)",90.16,76.0,85.91,Trusted Pick,1.53,https://jobicy.com/jobs/144724-part-time-online-ad-rater-german-pl,https://jobicy.com/jobs/144724-part-time-online-ad-rater-german-pl
We Work Remotely RSS,https://weworkremotely.com/remote-jobs.rss,"Software Engineer, iOS Core Product",Speechify,Anywhere in the World,"Apr 29, 2026 (25 days ago)",86.17,85.0,85.82,Trusted Pick,4.69,https://weworkremotely.com/remote-jobs/speechify-software-engineer-ios-core-product,https://weworkremotely.com/remote-jobs/speechify-software-engineer-ios-core-product
Jobicy API,https://jobicy.com/api/v2/remote-jobs?count=100,Associate Staff Engineer(AI),Nagarro,China,"May 22, 2026 (2 days ago)",92.82,69.0,85.67,Trusted Pick,1.6,https://jobicy.com/jobs/144522-associate-staff-engineerai,https://jobicy.com/jobs/144522-associate-staff-engineerai
We Work Remotely RSS,https://weworkremotely.com/remote-jobs.rss,Staff Software Engineer (Magic Containers),bunny.net,"Anywhere in the World, Ljubljana","May 12, 2026 (12 days ago)",87.83,80.0,85.48,Trusted Pick,1.67,https://weworkremotely.com/remote-jobs/bunny-net-staff-software-engineer-magic-containers,https://weworkremotely.com/remote-jobs/bunny-net-staff-software-engineer-magic-containers
We Work Remotely RSS,https://weworkremotely.com/remote-jobs.rss,Senior Webflow Designer,LawnStarter,Anywhere in the World,"May 20, 2026 (4 days ago)",86.06,84.0,85.44,Trusted Pick,4.9,https://weworkremotely.com/remote-jobs/lawnstarter-senior-webflow-designer,https://weworkremotely.com/remote-jobs/lawnstarter-senior-webflow-designer
We Work Remotely RSS,https://weworkremotely.com/remote-jobs.rss,Platform Engineer,Catamaran Research,Anywhere in the World,"May 13, 2026 (11 days ago)",88.13,79.0,85.39,Trusted Pick,1.12,https://weworkremotely.com/remote-jobs/catamaran-research-platform-engineer,https://weworkremotely.com/remote-jobs/catamaran-research-platform-engineer
Jobicy API,https://jobicy.com/api/v2/remote-jobs?count=100,Provisioning Engineer,Five9,Philippines,"May 22, 2026 (2 days ago)",88.02,79.0,85.31,Trusted Pick,10.33,https://jobicy.com/jobs/144521-provisioning-engineer,https://www.five9.com/pt-pt/legal
We Work Remotely RSS,https://weworkremotely.com/remote-jobs.rss,Product Design Lead,Socket,Anywhere in the World,"Apr 30, 2026 (24 days ago)",85.32,85.0,85.23,Trusted Pick,6.23,https://weworkremotely.com/remote-jobs/socket-product-design-lead,https://weworkremotely.com/remote-jobs/socket-product-design-lead
We Work Remotely RSS,https://weworkremotely.com/remote-jobs.rss,Email Deliverability Specialist,MailerLite,"Anywhere in the World, California","Apr 21, 2026 (33 days ago)",88.09,78.0,85.06,Trusted Pick,1.21,https://weworkremotely.com/remote-jobs/mailerlite-email-deliverability-specialist,https://weworkremotely.com/remote-jobs/mailerlite-email-deliverability-specialist
We Work Remotely RSS,https://weworkremotely.com/remote-jobs.rss,Senior Software Engineer II,Nomad,"Anywhere in the World, Colorado, 🇺🇲 United States Minor Outlying Islands and 🇺🇸 United States of America","May 19, 2026 (5 days ago)",88.04,78.0,85.03,Trusted Pick,1.3,https://weworkremotely.com/remote-jobs/nomad-senior-software-engineer-ii,https://weworkremotely.com/remote-jobs/nomad-senior-software-engineer-ii
Jobicy API,https://jobicy.com/api/v2/remote-jobs?count=100,QA Automation Engineer – Pro,Kraken,UK,"May 22, 2026 (2 days ago)",89.69,74.0,84.98,Promising,0.75,https://jobicy.com/jobs/144513-qa-automation-engineer-pro,https://jobicy.com/jobs/144513-qa-automation-engineer-pro
Remotive API,https://remotive.com/api/remote-jobs,Freelance Writer,IAPWE,Worldwide,"May 04, 2026 (20 days ago)",90.89,71.0,84.92,Promising,2.66,https://remotive.com/remote-jobs/writing/freelance-writer-1185979,https://remotive.com/remote-jobs/writing/freelance-writer-1185979
We Work Remotely RSS,https://weworkremotely.com/remote-jobs.rss,Senior Product Manager - Remote - 13.5-18.3k CLT,Vinta,Anywhere in the World,"May 21, 2026 (3 days ago)",84.82,85.0,84.87,Promising,7.14,https://weworkremotely.com/remote-jobs/vinta-senior-product-manager-remote-13-5-18-3k-clt,https://weworkremotely.com/remote-jobs/vinta-senior-product-manager-remote-13-5-18-3k-clt
We Work Remotely RSS,https://weworkremotely.com/remote-jobs.rss,Entry-Level Account Manager,NoGigiddy,"Anywhere in the World, Georgia","May 20, 2026 (4 days ago)",86.46,81.0,84.82,Promising,4.17,https://weworkremotely.com/remote-jobs/nogigiddy-entry-level-account-manager-4,https://weworkremotely.com/remote-jobs/nogigiddy-entry-level-account-manager-4
Remotive API,https://remotive.com/api/remote-jobs,Senior Independent AI Engineer / Architect,A.Team,"Americas, Europe, Israel","May 16, 2026 (8 days ago)",91.1,70.0,84.77,Promising,2.26,https://remotive.com/remote-jobs/software-development/senior-independent-ai-engineer-architect-1919266,https://remotive.com/remote-jobs/software-development/senior-independent-ai-engineer-architect-1919266
We Work Remotely RSS,https://weworkremotely.com/remote-jobs.rss,Ecommerce Lifecycle Manager,North Spore LLC,"Anywhere in the World, Maine","Apr 22, 2026 (32 days ago)",88.06,77.0,84.74,Promising,1.26,https://weworkremotely.com/remote-jobs/north-spore-llc-ecommerce-lifecycle-manager,https://weworkremotely.com/remote-jobs/north-spore-llc-ecommerce-lifecycle-manager
USAJOBS API,https://data.usajobs.gov/api/search,Data Management & Modernization,Agricultural Marketing Service,Anywhere in the U.S. (remote job),"May 20, 2026 (5 days ago)",91.46,69.0,84.72,Promising,4.07,https://www.usajobs.gov:443/job/869998500,https://www.usajobs.gov:443/job/869998500
We Work Remotely RSS,https://weworkremotely.com/remote-jobs.rss,Staff Software Engineer - Data Infrastructure,Praia Health Inc.,"Anywhere in the World, Washington, 🇨🇦 Canada and 🇺🇸 United States of America","May 06, 2026 (18 days ago)",87.56,78.0,84.69,Promising,2.16,https://weworkremotely.com/remote-jobs/praia-health-inc-staff-software-engineer-data-infrastructure,https://weworkremotely.com/remote-jobs/praia-health-inc-staff-software-engineer-data-infrastructure
Jobicy API,https://jobicy.com/api/v2/remote-jobs?count=100,Email Marketing Coordinator,TechnologyAdvice,Philippines,"May 22, 2026 (2 days ago)",83.95,86.0,84.56,Promising,1.36,https://jobicy.com/jobs/144529-email-marketing-coordinator-2,https://jobicy.com/jobs/144529-email-marketing-coordinator-2
We Work Remotely RSS,https://weworkremotely.com/remote-jobs.rss,Senior Software Engineer - Backend/Python - USA Only (100% Remote),Close,"Anywhere in the World, Wyoming","Jul 23, 2025 (305 days ago)",85.16,83.0,84.51,Promising,6.52,https://weworkremotely.com/remote-jobs/close-senior-software-engineer-backend-python-usa-only-100-remote-1,https://weworkremotely.com/remote-jobs/close-senior-software-engineer-backend-python-usa-only-100-remote-1
USAJOBS API,https://data.usajobs.gov/api/search,Safety and Public Health Analysis,Agricultural Marketing Service,Anywhere in the U.S. (remote job),"May 20, 2026 (5 days ago)",91.12,69.0,84.48,Promising,4.7,https://www.usajobs.gov:443/job/869998000,https://www.usajobs.gov:443/job/869998000
USAJOBS API,https://data.usajobs.gov/api/search,Data Science Project,Animal and Plant Health Inspection Service,Anywhere in the U.S. (remote job),"May 20, 2026 (5 days ago)",91.0,69.0,84.4,Promising,4.9,https://www.usajobs.gov:443/job/869999400,https://www.usajobs.gov:443/job/869999400
We Work Remotely RSS,https://weworkremotely.com/remote-jobs.rss,Senior Product Manager,Hint Health,Anywhere in the World,"May 17, 2026 (7 days ago)",83.98,85.0,84.28,Promising,8.68,https://weworkremotely.com/remote-jobs/hint-health-senior-product-manager,https://weworkremotely.com/remote-jobs/hint-health-senior-product-manager
USAJOBS API,https://data.usajobs.gov/api/search,Organics Compliance Review,Agricultural Marketing Service,Anywhere in the U.S. (remote job),"May 20, 2026 (5 days ago)",90.76,69.0,84.23,Promising,5.35,https://www.usajobs.gov:443/job/869998400,https://www.usajobs.gov:443/job/869998400
USAJOBS API,https://data.usajobs.gov/api/search,Administrative Law Judge,National Labor Relations Board,Anywhere in the U.S. (remote job),"May 15, 2026 (9 days ago)",92.02,66.0,84.21,Promising,3.05,https://www.usajobs.gov:443/job/869640100,https://www.usajobs.gov:443/job/869640100
We Work Remotely RSS,https://weworkremotely.com/remote-jobs.rss,"Senior Product Analyst, Remote",Aledade,Anywhere in the World,"May 22, 2026 (2 days ago)",83.42,86.0,84.19,Promising,9.7,https://weworkremotely.com/remote-jobs/aledade-senior-product-analyst-remote,https://weworkremotely.com/remote-jobs/aledade-senior-product-analyst-remote
USAJOBS API,https://data.usajobs.gov/api/search,Investigator,Office of Accountability and Whistleblower Protection,Anywhere in the U.S. (remote job),"May 22, 2026 (3 days ago)",88.95,73.0,84.17,Promising,6.18,https://www.usajobs.gov:443/job/870261800,https://www.usajobs.gov:443/job/870261800
We Work Remotely RSS,https://weworkremotely.com/remote-jobs.rss,Turkish-Speaking Video & Motion Graphics Designer,XM,"Anywhere in the World, Lemesos","May 14, 2026 (10 days ago)",88.09,75.0,84.16,Promising,1.2,https://weworkremotely.com/remote-jobs/xm-turkish-speaking-video-motion-graphics-designer,https://weworkremotely.com/remote-jobs/xm-turkish-speaking-video-motion-graphics-designer
We Work Remotely RSS,https://weworkremotely.com/remote-jobs.rss,Full-Stack Developer — .NET + React + Azure — Remote (US),ShiftForce LLC,"Anywhere in the World, Missouri","May 20, 2026 (4 days ago)",88.01,75.0,84.11,Promising,1.34,https://weworkremotely.com/remote-jobs/shiftforce-llc-full-stack-developer-net-react-azure-remote-us,https://weworkremotely.com/remote-jobs/shiftforce-llc-full-stack-developer-net-react-azure-remote-us
We Work Remotely RSS,https://weworkremotely.com/remote-jobs.rss,Director of Revenue Systems and AI Automation,Caul Group,"Anywhere in the World, North Carolina","May 08, 2026 (16 days ago)",84.09,84.0,84.06,Promising,1.93,https://weworkremotely.com/remote-jobs/caul-group-director-of-revenue-systems-and-ai-automation,https://weworkremotely.com/remote-jobs/caul-group-director-of-revenue-systems-and-ai-automation
We Work Remotely RSS,https://weworkremotely.com/remote-jobs.rss,Remote AI Training - $20/hr - United States,Remote Talent Cloud,"Anywhere in the World, California","Apr 21, 2026 (33 days ago)",86.95,77.0,83.96,Promising,3.28,https://weworkremotely.com/remote-jobs/remote-talent-cloud-remote-ai-training-20-hr-united-states,https://remotetalentcloud.com/apply-ai/
We Work Remotely RSS,https://weworkremotely.com/remote-jobs.rss,Operations Manager (Germany),EY,Anywhere in the World,"May 21, 2026 (3 days ago)",87.84,74.0,83.69,Promising,1.65,https://weworkremotely.com/remote-jobs/ey-operations-manager-germany,https://weworkremotely.com/remote-jobs/ey-operations-manager-germany
We Work Remotely RSS,https://weworkremotely.com/remote-jobs.rss,Data Labeling Specialist — Remote Contract Work ($18-$22 per hour),Workada,"Anywhere in the World, California, 🇺🇸 United States of America","May 21, 2026 (3 days ago)",86.47,77.0,83.63,Promising,4.15,https://weworkremotely.com/remote-jobs/workada-data-labeling-specialist-remote-contract-work-18-22-per-hour,https://weworkremotely.com/remote-jobs/workada-data-labeling-specialist-remote-contract-work-18-22-per-hour
We Work Remotely RSS,https://weworkremotely.com/remote-jobs.rss,"Director, AI Product Development",Centralreach,Anywhere in the World,"May 22, 2026 (2 days ago)",82.92,85.0,83.54,Promising,10.61,https://weworkremotely.com/remote-jobs/centralreach-director-ai-product-development,https://weworkremotely.com/remote-jobs/centralreach-director-ai-product-development
We Work Remotely RSS,https://weworkremotely.com/remote-jobs.rss,Product Marketing Manager (B2B for life sciences/pharma/biotech),Viseven,Anywhere in the World,"May 22, 2026 (2 days ago)",83.37,83.0,83.26,Promising,9.78,https://weworkremotely.com/remote-jobs/viseven-product-marketing-manager-b2b-for-life-sciences-pharma-biotech,https://weworkremotely.com/remote-jobs/viseven-product-marketing-manager-b2b-for-life-sciences-pharma-biotech
We Work Remotely RSS,https://weworkremotely.com/remote-jobs.rss,Search Quality Rater - Spanish (USA) | Entry Level | Remote in US,Welo Data,"Anywhere in the World, California, 🇺🇸 United States of America","Apr 21, 2026 (33 days ago)",87.63,73.0,83.24,Promising,2.03,https://weworkremotely.com/remote-jobs/welo-data-search-quality-rater-spanish-usa-entry-level-remote-in-us,https://weworkremotely.com/remote-jobs/welo-data-search-quality-rater-spanish-usa-entry-level-remote-in-us
We Work Remotely RSS,https://weworkremotely.com/remote-jobs.rss,Product Manager,Welocalize,Anywhere in the World,"May 22, 2026 (2 days ago)",83.74,82.0,83.22,Promising,9.11,https://weworkremotely.com/remote-jobs/welocalize-product-manager,https://weworkremotely.com/remote-jobs/welocalize-product-manager
We Work Remotely RSS,https://weworkremotely.com/remote-jobs.rss,Temporary User Support Specialist,ORCID,"Anywhere in the World, Maryland, 🇪🇸 Spain, 🇬🇧 United Kingdom of Great Britain and Northern Ireland, 🇭🇺 Hungary, 🇱🇹 Lithuania, 🇳🇱 Netherlands, and 🇵🇹 Portugal","May 12, 2026 (12 days ago)",88.02,72.0,83.21,Promising,1.33,https://weworkremotely.com/remote-jobs/orcid-temporary-user-support-specialist,https://weworkremotely.com/remote-jobs/orcid-temporary-user-support-specialist
We Work Remotely RSS,https://weworkremotely.com/remote-jobs.rss,Senior Product Adoption Strategist (Shopping),reddit,"Anywhere in the World, California","Jan 21, 2026 (123 days ago)",82.26,85.0,83.08,Promising,11.8,https://weworkremotely.com/remote-jobs/reddit-senior-product-adoption-strategist-shopping-1,https://www.redditinc.com/careers/
We Work Remotely RSS,https://weworkremotely.com/remote-jobs.rss,"Product Manager, Fraud Solutions",FIS Capital Markets,Anywhere in the World,"May 21, 2026 (3 days ago)",87.74,72.0,83.02,Promising,1.84,https://weworkremotely.com/remote-jobs/fis-capital-markets-product-manager-fraud-solutions,https://weworkremotely.com/remote-jobs/fis-capital-markets-product-manager-fraud-solutions
Jobicy API,https://jobicy.com/api/v2/remote-jobs?count=100,Airline Customer Support Specialist with English (remote from Bulgaria),Sutherland,Bulgaria,"May 24, 2026 (today)",86.4,75.0,82.98,Promising,13.27,https://jobicy.com/jobs/144682-airline-customer-support-specialist-with-english-remote-from-bulgaria,https://jobicy.com/jobs/144682-airline-customer-support-specialist-with-english-remote-from-bulgaria
We Work Remotely RSS,https://weworkremotely.com/remote-jobs.rss,Business Analyst,Elite Software Automation,"Anywhere in the World, Texas","Mar 23, 2026 (62 days ago)",87.93,71.0,82.85,Promising,1.49,https://weworkremotely.com/remote-jobs/elite-software-automation-business-analyst-2,https://jobs.elitesoftwareautomation.com/
We Work Remotely RSS,https://weworkremotely.com/remote-jobs.rss,Senior QLab Support Specialist (half time),Figure 53,"Anywhere in the World, Maryland, 🇺🇸 United States of America","May 18, 2026 (6 days ago)",80.58,88.0,82.8,Promising,14.86,https://weworkremotely.com/remote-jobs/figure-53-senior-qlab-support-specialist-half-time,https://weworkremotely.com/remote-jobs/figure-53-senior-qlab-support-specialist-half-time
We Work Remotely RSS,https://weworkremotely.com/remote-jobs.rss,"Senior Software Engineer, Platform",Speechify Inc,"Anywhere in the World, Florida","May 23, 2026 (1 day ago)",88.09,70.0,82.66,Promising,1.21,https://weworkremotely.com/remote-jobs/speechify-inc-senior-software-engineer-platform-1,https://weworkremotely.com/remote-jobs/speechify-inc-senior-software-engineer-platform-1
We Work Remotely RSS,https://weworkremotely.com/remote-jobs.rss,Senior Product Marketing Manager,Nivoda,Anywhere in the World,"May 18, 2026 (6 days ago)",83.98,79.0,82.48,Promising,8.68,https://weworkremotely.com/remote-jobs/nivoda-senior-product-marketing-manager,https://weworkremotely.com/remote-jobs/nivoda-senior-product-marketing-manager
We Work Remotely RSS,https://weworkremotely.com/remote-jobs.rss,Lead Product Designer,Blink Health,Anywhere in the World,"May 18, 2026 (6 days ago)",84.74,77.0,82.42,Promising,7.3,https://weworkremotely.com/remote-jobs/blink-health-lead-product-designer,https://weworkremotely.com/remote-jobs/blink-health-lead-product-designer
We Work Remotely RSS,https://weworkremotely.com/remote-jobs.rss,Devops,Mutt Data,Anywhere in the World,"Apr 30, 2026 (24 days ago)",84.5,77.0,82.25,Promising,7.73,https://weworkremotely.com/remote-jobs/mutt-data-devops,https://weworkremotely.com/remote-jobs/mutt-data-devops
Remotive API,https://remotive.com/api/remote-jobs,🇩🇪Customer Support Manager,Parkosecure GmbH,Switzerland,"May 04, 2026 (20 days ago)",89.83,64.0,82.08,Promising,4.58,https://remotive.com/remote-jobs/customer-service/customer-support-manager-2090874,https://remotive.com/remote-jobs/customer-service/customer-support-manager-2090874
We Work Remotely RSS,https://weworkremotely.com/remote-jobs.rss,High-Paying Hourly Enrollment Specialist,VP Education Group,Anywhere in the World,"Apr 22, 2026 (32 days ago)",87.54,69.0,81.98,Promising,2.2,https://weworkremotely.com/remote-jobs/vp-education-group-high-paying-hourly-enrollment-specialist,https://weworkremotely.com/remote-jobs/vp-education-group-high-paying-hourly-enrollment-specialist
We Work Remotely RSS,https://weworkremotely.com/remote-jobs.rss,Full Stack AI Engineer,Reveleer,"Anywhere in the World, California","Apr 02, 2026 (52 days ago)",88.25,67.0,81.87,Promising,0.91,https://weworkremotely.com/remote-jobs/reveleer-full-stack-ai-engineer,https://weworkremotely.com/remote-jobs/reveleer-full-stack-ai-engineer
We Work Remotely RSS,https://weworkremotely.com/remote-jobs.rss,Senior Ruby on Rails Developer,OnTheGoSystems,"Anywhere in the World, Nevada","May 19, 2026 (5 days ago)",88.13,67.0,81.79,Promising,1.13,https://weworkremotely.com/remote-jobs/onthegosystems-senior-ruby-on-rails-developer-2,https://weworkremotely.com/remote-jobs/onthegosystems-senior-ruby-on-rails-developer-2
We Work Remotely RSS,https://weworkremotely.com/remote-jobs.rss,Creative Performance Designer,Nabu Global FZE,"Anywhere in the World, Sharjah","May 21, 2026 (3 days ago)",88.38,66.0,81.67,Promising,0.67,https://weworkremotely.com/remote-jobs/nabu-global-fze-creative-performance-designer,https://weworkremotely.com/remote-jobs/nabu-global-fze-creative-performance-designer
We Work Remotely RSS,https://weworkremotely.com/remote-jobs.rss,Senior Independent Product Manager/Product Designer ($90-$170/hr),A.Team,"Anywhere in the World, New York","Jun 16, 2024 (707 days ago)",88.1,66.0,81.47,Promising,1.19,https://weworkremotely.com/remote-jobs/a-team-senior-independent-product-manager-product-designer-90-170-hr,https://weworkremotely.com/remote-jobs/a-team-senior-independent-product-manager-product-designer-90-170-hr
We Work Remotely RSS,https://weworkremotely.com/remote-jobs.rss,Senior Backend Developer Person,Cora,Anywhere in the World,"May 21, 2026 (3 days ago)",80.75,83.0,81.42,Promising,14.55,https://weworkremotely.com/remote-jobs/cora-pessoa-desenvolvedora-backend-senior,https://weworkremotely.com/remote-jobs/cora-pessoa-desenvolvedora-backend-senior
We Work Remotely RSS,https://weworkremotely.com/remote-jobs.rss,Senior DevOps Engineer - CI/CD Migrations (100% Remote),Knowmad Mood,Anywhere in the World,"May 22, 2026 (2 days ago)",83.92,75.0,81.24,Promising,8.79,https://weworkremotely.com/remote-jobs/knowmad-mood-senior-devops-engineer-migraciones-ci-cd-remoto-100,https://weworkremotely.com/remote-jobs/knowmad-mood-senior-devops-engineer-migraciones-ci-cd-remoto-100
Jobicy API,https://jobicy.com/api/v2/remote-jobs?count=100,"Sales Development Representative (US, Remote)",Upwind Security,USA,"May 23, 2026 (1 day ago)",87.28,67.0,81.2,Promising,1.85,https://jobicy.com/jobs/144632-sales-development-representative-us-remote,https://jobicy.com/jobs/144632-sales-development-representative-us-remote
We Work Remotely RSS,https://weworkremotely.com/remote-jobs.rss,Professional Senior Web Designer,Radix,Anywhere in the World,"May 21, 2026 (3 days ago)",84.58,73.0,81.11,Promising,7.57,https://weworkremotely.com/remote-jobs/radix-profissional-web-designer-senior-1,https://weworkremotely.com/remote-jobs/radix-profissional-web-designer-senior-1
We Work Remotely RSS,https://weworkremotely.com/remote-jobs.rss,[Talent Bank] People with disabilities,Blue Account,Anywhere in the World,"May 21, 2026 (3 days ago)",80.69,82.0,81.08,Promising,14.66,https://weworkremotely.com/remote-jobs/conta-azul-banco-de-talentos-pessoas-com-deficiencia,https://weworkremotely.com/remote-jobs/conta-azul-banco-de-talentos-pessoas-com-deficiencia
We Work Remotely RSS,https://weworkremotely.com/remote-jobs.rss,DevOps Engineer,Alice,Anywhere in the World,"May 21, 2026 (3 days ago)",83.59,75.0,81.01,Promising,9.39,https://weworkremotely.com/remote-jobs/alice-devops-engineer,https://weworkremotely.com/remote-jobs/alice-devops-engineer
We Work Remotely RSS,https://weworkremotely.com/remote-jobs.rss,Product Owner Zendesk Customer Service (m/f/d) // possible remotely,E. Breuninger & Co.,Anywhere in the World,"May 22, 2026 (2 days ago)",80.28,82.0,80.8,Promising,15.4,https://weworkremotely.com/remote-jobs/e-breuninger-co-product-owner-zendesk-customer-service-m-w-d-remote-moglich,https://weworkremotely.com/remote-jobs/e-breuninger-co-product-owner-zendesk-customer-service-m-w-d-remote-possible
We Work Remotely RSS,https://weworkremotely.com/remote-jobs.rss,Junior Full-Stack Developer (Laravel and VueJS),Appetiser,Anywhere in the World,"May 22, 2026 (2 days ago)",84.51,72.0,80.76,Promising,7.7,https://weworkremotely.com/remote-jobs/appetiser-junior-full-stack-developer-laravel-and-vuejs,https://weworkremotely.com/remote-jobs/appetiser-junior-full-stack-developer-laravel-and-vuejs
We Work Remotely RSS,https://weworkremotely.com/remote-jobs.rss,"Software Engineer, iOS Core Product",Speechify Inc,"Anywhere in the World, Florida","Jul 09, 2025 (319 days ago)",86.03,68.0,80.62,Promising,4.94,https://weworkremotely.com/remote-jobs/speechify-inc-software-engineer-ios-core-product,https://weworkremotely.com/remote-jobs/speechify-inc-software-engineer-ios-core-product
We Work Remotely RSS,https://weworkremotely.com/remote-jobs.rss,Senior Software Engineer,Stellar AI,"Anywhere in the World, Delaware","Oct 21, 2025 (215 days ago)",86.82,65.0,80.27,Promising,3.51,https://weworkremotely.com/remote-jobs/stellar-ai-senior-software-engineer,https://weworkremotely.com/remote-jobs/stellar-ai-senior-software-engineer
We Work Remotely RSS,https://weworkremotely.com/remote-jobs.rss,Senior Product Manager,Biggerpockets,Anywhere in the World,"May 16, 2026 (8 days ago)",79.51,82.0,80.26,Promising,16.79,https://weworkremotely.com/remote-jobs/biggerpockets-senior-product-manager,https://weworkremotely.com/remote-jobs/biggerpockets-senior-product-manager
We Work Remotely RSS,https://weworkremotely.com/remote-jobs.rss,"Director, Graphic Design",Olive June,Anywhere in the World,"May 16, 2026 (8 days ago)",85.04,69.0,80.23,Promising,6.74,https://weworkremotely.com/remote-jobs/olive-june-director-graphic-design,https://weworkremotely.com/remote-jobs/olive-june-director-graphic-design
We Work Remotely RSS,https://weworkremotely.com/remote-jobs.rss,Lead Manager for Real Estate Investment Company,Campos Property Solutions,"Anywhere in the World, South Carolina","May 21, 2026 (3 days ago)",85.78,67.0,80.15,Promising,5.39,https://weworkremotely.com/remote-jobs/campos-property-solutions-lead-manager-for-real-estate-investment-company,https://weworkremotely.com/remote-jobs/campos-property-solutions-lead-manager-for-real-estate-investment-company
We Work Remotely RSS,https://weworkremotely.com/remote-jobs.rss,Product Manager (B2C Subscription Utilities),Nexpanse,"Anywhere in the World, Delaware, 🇦🇪 United Arab Emirates, 🇧🇾 Belarus, 🇬🇪 Georgia, 🇰🇿 Kazakhstan, 🇷🇸 Serbia, and 🇷🇺 Russian Federation","May 07, 2026 (17 days ago)",88.2,61.0,80.04,Promising,1.01,https://weworkremotely.com/remote-jobs/nexpanse-product-manager-b2c-subscription-utilities,https://weworkremotely.com/remote-jobs/nexpanse-product-manager-b2c-subscription-utilities
We Work Remotely RSS,https://weworkremotely.com/remote-jobs.rss,Head of Marketing,North Spore LLC,"Anywhere in the World, Maryland, 🇺🇸 United States of America","Apr 22, 2026 (32 days ago)",84.72,69.0,80.01,Promising,7.32,https://weworkremotely.com/remote-jobs/north-spore-llc-head-of-marketing,https://weworkremotely.com/remote-jobs/north-spore-llc-head-of-marketing
We Work Remotely RSS,https://weworkremotely.com/remote-jobs.rss,IaC Professional | DevOps,Radix,Anywhere in the World,"May 21, 2026 (3 days ago)",83.64,71.0,79.85,Promising,9.3,https://weworkremotely.com/remote-jobs/radix-profissional-iac-devops,https://weworkremotely.com/remote-jobs/radix-profissional-iac-devops
We Work Remotely RSS,https://weworkremotely.com/remote-jobs.rss,AI Engineer/Python Develope,Toptal,"Anywhere in the World, California, 🇮🇳 India","May 22, 2026 (2 days ago)",87.32,62.0,79.72,Promising,2.6,https://weworkremotely.com/remote-jobs/toptal-ai-engineer-python-develope,https://weworkremotely.com/remote-jobs/toptal-ai-engineer-python-develope
We Work Remotely RSS,https://weworkremotely.com/remote-jobs.rss,Frontend Engineer,Mobena,"Anywhere in the World, Maryland, 🇺🇸 United States of America","May 16, 2025 (373 days ago)",88.42,59.0,79.6,Promising,0.6,https://weworkremotely.com/remote-jobs/mobena-frontend-engineer,https://weworkremotely.com/remote-jobs/mobena-frontend-engineer
We Work Remotely RSS,https://weworkremotely.com/remote-jobs.rss,Professional Senior Web Designer,Radix,Anywhere in the World,"May 21, 2026 (3 days ago)",84.56,68.0,79.59,Promising,7.62,https://weworkremotely.com/remote-jobs/radix-profissional-web-designer-senior-1,https://weworkremotely.com/remote-jobs/radix-profissional-web-designer-senior-1
We Work Remotely RSS,https://weworkremotely.com/remote-jobs.rss,Freelance Writer,ProWriterSites,"Anywhere in the World, New York","Nov 29, 2024 (541 days ago)",87.82,60.0,79.47,Promising,1.7,https://weworkremotely.com/remote-jobs/prowritersites-freelance-writer,https://weworkremotely.com/remote-jobs/prowritersites-freelance-writer
We Work Remotely RSS,https://weworkremotely.com/remote-jobs.rss,AI Research Engineer,Tether,"Anywhere in the World, California","Apr 02, 2026 (52 days ago)",82.48,72.0,79.34,Promising,1.58,https://weworkremotely.com/remote-jobs/tether-ai-research-engineer,https://careers.tether.io/
We Work Remotely RSS,https://weworkremotely.com/remote-jobs.rss,Entry Level Product Design Apprenticeship,UX Woman,"Anywhere in the World, Florida","May 14, 2026 (10 days ago)",75.85,87.0,79.19,Promising,23.46,https://weworkremotely.com/remote-jobs/ux-woman-entry-level-product-design-apprenticeship-1,https://weworkremotely.com/remote-jobs/ux-woman-entry-level-product-design-apprenticeship-1
We Work Remotely RSS,https://weworkremotely.com/remote-jobs.rss,Entry Level UX Design Apprenticeship,UX Woman,"Anywhere in the World, Florida","May 14, 2026 (10 days ago)",75.78,87.0,79.14,Promising,23.59,https://weworkremotely.com/remote-jobs/ux-woman-entry-level-ux-design-apprenticeship-2,https://weworkremotely.com/remote-jobs/ux-woman-entry-level-ux-design-apprenticeship-2
We Work Remotely RSS,https://weworkremotely.com/remote-jobs.rss,Marketing Automation SaaS + Services Line of Business Owner,New Law Business Model,Anywhere in the World,"Feb 07, 2023 (1202 days ago)",87.96,58.0,78.97,Promising,1.43,https://weworkremotely.com/remote-jobs/new-law-business-model-marketing-automation-saas-services-line-of-business-owner,https://weworkremotely.com/remote-jobs/new-law-business-model-marketing-automation-saas-services-line-of-business-owner
We Work Remotely RSS,https://weworkremotely.com/remote-jobs.rss,Turfgrass Horticulturalist Agronomist - Product Innovation & Support - REMOTE,Custom Simple Solutions,Anywhere in the World,"May 16, 2026 (8 days ago)",78.75,79.0,78.82,Promising,18.19,https://weworkremotely.com/remote-jobs/custom-simple-solutions-turfgrass-horticulturalist-agronomist-product-innovation-support-remote,https://weworkremotely.com/remote-jobs/custom-simple-solutions-turfgrass-horticulturalist-agronomist-product-innovation-support-remote
We Work Remotely RSS,https://weworkremotely.com/remote-jobs.rss,Brand Designer,Contra,"Anywhere in the World, California","May 12, 2026 (12 days ago)",88.1,57.0,78.77,Promising,1.17,https://weworkremotely.com/remote-jobs/contra-brand-designer-7,https://weworkremotely.com/remote-jobs/contra-brand-designer-7
USAJOBS API,https://data.usajobs.gov/api/search,Immigration Judge,Executive Office for Immigration Review,Anywhere in the U.S. (remote job),"Dec 30, 2025 (146 days ago)",90.49,51.0,78.64,Promising,3.38,https://www.usajobs.gov:443/job/853385500,https://www.usajobs.gov:443/job/853385500
We Work Remotely RSS,https://weworkremotely.com/remote-jobs.rss,Senior Devops Engineer,Woliba,Anywhere in the World,"Apr 30, 2026 (24 days ago)",83.99,66.0,78.6,Promising,8.65,https://weworkremotely.com/remote-jobs/woliba-senior-devops-engineer,https://weworkremotely.com/remote-jobs/woliba-senior-devops-engineer
We Work Remotely RSS,https://weworkremotely.com/remote-jobs.rss,[DevOps Cubes] Full DevOps Engineer,Cubes Technology,Anywhere in the World,"May 21, 2026 (3 days ago)",82.48,69.0,78.44,Promising,11.39,https://weworkremotely.com/remote-jobs/cubos-tecnologia-cubos-devops-pessoa-engenheira-de-devops-pleno,https://weworkremotely.com/remote-jobs/cubos-tecnologia-cubos-devops-pessoa-engenheira-de-devops-pleno
We Work Remotely RSS,https://weworkremotely.com/remote-jobs.rss,"Backend Engineer, 80-100% (f/m/x)",comparis.ch,"Anywhere in the World, Zürich, 🇦🇱 Albania, 🇧🇦 Bosnia and Herzegovina, 🇨🇿 Czechia, 🇬🇷 Greece, 🇭🇷 Croatia, 🇭🇺 Hungary, 🇱🇹 Lithuania, 🇱🇻 Latvia, 🇲🇰 North Macedonia, 🇲🇹 Malta, 🇵🇱 Poland, 🇵🇹 Portugal, 🇷🇴 Romania, 🇷🇸 Serbia, 🇸🇮 Slovenia, 🇸🇰 Slovakia, 🇹🇷 Türkiye, and 🇺🇦 Ukraine","Apr 27, 2026 (27 days ago)",83.21,67.0,78.34,Promising,10.08,https://weworkremotely.com/remote-jobs/comparis-ch-backend-engineer-80-100-f-m-x,https://weworkremotely.com/remote-jobs/comparis-ch-backend-engineer-80-100-f-m-x
We Work Remotely RSS,https://weworkremotely.com/remote-jobs.rss,Senior Fullstack Engineer — Financial Products (Miniapps),Rock Encantech,Anywhere in the World,"May 21, 2026 (3 days ago)",81.85,68.0,77.7,Promising,12.54,https://weworkremotely.com/remote-jobs/rock-encantech-senior-fullstack-engineer-produtos-financeiros-miniapps,https://weworkremotely.com/remote-jobs/rock-encantech-senior-fullstack-engineer-produtos-financieiros-miniapps
We Work Remotely RSS,https://weworkremotely.com/remote-jobs.rss,Product Owner (m/f),Iungo Spa,Anywhere in the World,"May 22, 2026 (2 days ago)",77.94,77.0,77.66,Promising,19.65,https://weworkremotely.com/remote-jobs/iungo-spa-product-owner-m-f,https://weworkremotely.com/remote-jobs/iungo-spa-product-owner-m-f
We Work Remotely RSS,https://weworkremotely.com/remote-jobs.rss,Revenue Operations Manager,UTTR,"Anywhere in the World, New York","Apr 21, 2026 (33 days ago)",83.26,64.0,77.48,Promising,9.98,https://weworkremotely.com/remote-jobs/uttr-revenue-operations-manager,https://weworkremotely.com/remote-jobs/uttr-revenue-operations-manager
We Work Remotely RSS,https://weworkremotely.com/remote-jobs.rss,"Senior Software Engineer, Web",Speechify Inc,"Anywhere in the World, Florida","May 23, 2026 (1 day ago)",84.47,60.0,77.13,Promising,7.78,https://weworkremotely.com/remote-jobs/speechify-inc-senior-software-engineer-web-1,https://weworkremotely.com/remote-jobs/speechify-inc-senior-software-engineer-web-1
We Work Remotely RSS,https://weworkremotely.com/remote-jobs.rss,Graphic Designer,Contra,"Anywhere in the World, California","May 12, 2026 (12 days ago)",84.99,57.0,76.59,Promising,6.84,https://weworkremotely.com/remote-jobs/contra-graphic-designer-5,https://weworkremotely.com/remote-jobs/contra-graphic-designer-5
We Work Remotely RSS,https://weworkremotely.com/remote-jobs.rss,Casino Management & Operations,FairGambling,Anywhere in the World,"May 18, 2026 (6 days ago)",81.54,65.0,76.58,Promising,13.11,https://weworkremotely.com/remote-jobs/fairgambling-casino-management-operations,https://weworkremotely.com/remote-jobs/fairgambling-casino-management-operations
We Work Remotely RSS,https://weworkremotely.com/remote-jobs.rss,"Tech Lead, Android Core Product",Speechify Inc,"Anywhere in the World, Florida","Feb 19, 2026 (94 days ago)",84.26,58.0,76.38,Promising,8.16,https://weworkremotely.com/remote-jobs/speechify-inc-tech-lead-android-core-product,https://weworkremotely.com/remote-jobs/speechify-inc-tech-lead-android-core-product
We Work Remotely RSS,https://weworkremotely.com/remote-jobs.rss,[Talent Bank] Full Product Manager,Cubes Technology,Anywhere in the World,"May 21, 2026 (3 days ago)",80.3,67.0,76.31,Promising,15.36,https://weworkremotely.com/remote-jobs/cubos-tecnologia-banco-de-talentos-product-manager-pleno,https://weworkremotely.com/remote-jobs/cubos-tecnologia-banco-de-talentos-product-manager-pleno
We Work Remotely RSS,https://weworkremotely.com/remote-jobs.rss,Product Designer,Contra,"Anywhere in the World, California","May 12, 2026 (12 days ago)",84.26,57.0,76.08,Promising,8.16,https://weworkremotely.com/remote-jobs/contra-product-designer-5,https://weworkremotely.com/remote-jobs/contra-product-designer-5
We Work Remotely RSS,https://weworkremotely.com/remote-jobs.rss,"Principal Product Manager, LOB",Assured,Anywhere in the World,"May 15, 2026 (9 days ago)",77.4,72.0,75.78,Promising,20.63,https://weworkremotely.com/remote-jobs/assured-principal-product-manager-lob,https://weworkremotely.com/remote-jobs/assured-principal-product-manager-lob
We Work Remotely RSS,https://weworkremotely.com/remote-jobs.rss,Dynamics 365 CE Developer [100% Remote],CashMe,Anywhere in the World,"May 21, 2026 (3 days ago)",78.7,68.0,75.49,Promising,18.27,https://weworkremotely.com/remote-jobs/cashme-desenvolvedor-dynamics-365-ce-100-remota,https://weworkremotely.com/remote-jobs/cashme-desenvolvedor-dynamics-365-ce-100-remota
We Work Remotely RSS,https://weworkremotely.com/remote-jobs.rss,Cold caller / sales representative (freelance basis),LOTARO,Anywhere in the World,"May 20, 2026 (4 days ago)",79.05,67.0,75.44,Promising,14.36,https://weworkremotely.com/remote-jobs/lotaro-cold-caller-vertriebsmitarbeiterin-freelance-basis,https://weworkremotely.com/remote-jobs/lotaro-cold-caller-vertriebsarbeiterin-freelance-basis
We Work Remotely RSS,https://weworkremotely.com/remote-jobs.rss,Jr Appointment Setter,Orchard Brokerage,"Anywhere in the World, Texas","May 20, 2026 (4 days ago)",74.96,75.0,74.97,Promising,25.08,https://weworkremotely.com/remote-jobs/orchard-brokerage-jr-appointment-setter,https://weworkremotely.com/remote-jobs/orchard-brokerage-jr-appointment-setter
We Work Remotely RSS,https://weworkremotely.com/remote-jobs.rss,Remote Nuanced AI Data Training,Stealth AI Startup,"Anywhere in the World, Oregon, 🇦🇷 Argentina, 🇨🇴 Colombia, 🇨🇷 Costa Rica, 🇮🇳 India, 🇲🇽 Mexico, 🇵🇪 Peru, and 🇵🇭 Philippines","May 14, 2026 (10 days ago)",78.59,65.0,74.52,Promising,18.47,https://weworkremotely.com/remote-jobs/stealth-ai-startup-remote-nuanced-ai-data-training,https://weworkremotely.com/remote-jobs/stealth-ai-startup-remote-nuanced-ai-data-training
We Work Remotely RSS,https://weworkremotely.com/remote-jobs.rss,Staff Product Manager - Liability,Assured,Anywhere in the World,"May 15, 2026 (9 days ago)",74.7,74.0,74.49,Promising,25.54,https://weworkremotely.com/remote-jobs/assured-staff-product-manager-liability,https://weworkremotely.com/remote-jobs/assured-staff-product-manager-liability
We Work Remotely RSS,https://weworkremotely.com/remote-jobs.rss,DevOps Engineer (Remote),Rhino Partners,Anywhere in the World,"Apr 30, 2026 (24 days ago)",81.91,57.0,74.44,Promising,12.44,https://weworkremotely.com/remote-jobs/rhino-partners-devops-engineer-remote,https://weworkremotely.com/remote-jobs/rhino-partners-devops-engineer-remote
We Work Remotely RSS,https://weworkremotely.com/remote-jobs.rss,[TALENT BANK] Product Manager Jr.,Cubes Technology,Anywhere in the World,"May 21, 2026 (3 days ago)",82.72,55.0,74.4,Promising,10.97,https://weworkremotely.com/remote-jobs/cubos-tecnologia-banco-de-talentos-product-manager-jr,https://weworkremotely.com/remote-jobs/cubos-tecnologia-banco-de-talentos-product-manager-jr
We Work Remotely RSS,https://weworkremotely.com/remote-jobs.rss,"Product Lead, Data & Integrations",Assured,Anywhere in the World,"May 15, 2026 (9 days ago)",75.3,72.0,74.31,Promising,24.46,https://weworkremotely.com/remote-jobs/assured-product-lead-data-integrations,https://weworkremotely.com/remote-jobs/assured-product-lead-data-integrations
We Work Remotely RSS,https://weworkremotely.com/remote-jobs.rss,Remote Customer Support - $20/hr - United States,Remote Talent Cloud,"Anywhere in the World, California","Apr 13, 2026 (41 days ago)",75.71,67.0,73.1,Promising,23.7,https://weworkremotely.com/remote-jobs/remote-talent-cloud-remote-customer-support-20-hr-united-states-4,https://remotetalentcloud.com/apply/
We Work Remotely RSS,https://weworkremotely.com/remote-jobs.rss,Senior Technical Lead,Calibrate Group AI,"Anywhere in the World, New York","Apr 20, 2026 (34 days ago)",75.66,67.0,73.06,Promising,13.98,https://weworkremotely.com/remote-jobs/calibrate-group-ai-senior-technical-lead,https://weworkremotely.com/remote-jobs/calibrate-group-ai-senior-technical-lead
We Work Remotely RSS,https://weworkremotely.com/remote-jobs.rss,Blockchain Engineer & Researcher,FairGambling,Anywhere in the World,"May 18, 2026 (6 days ago)",77.92,61.0,72.85,Promising,13.14,https://weworkremotely.com/remote-jobs/fairgambling-blockchain-engineer-researcher,https://weworkremotely.com/remote-jobs/fairgambling-blockchain-engineer-researcher
We Work Remotely RSS,https://weworkremotely.com/remote-jobs.rss,WFH Customer Support Associate (Training Provided),Lisa Russel,Anywhere in the World,"May 16, 2026 (8 days ago)",72.0,73.0,72.3,Promising,30.45,https://weworkremotely.com/remote-jobs/lisa-russel-wfh-customer-support-associate-training-provided,https://weworkremotely.com/remote-jobs/lisa-russel-wfh-customer-support-associate-training-provided
We Work Remotely RSS,https://weworkremotely.com/remote-jobs.rss,Project Manager,Spiralyze,"Anywhere in the World, Georgia","Jan 23, 2026 (121 days ago)",75.12,57.0,69.68,Verify First,24.78,https://weworkremotely.com/remote-jobs/spiralyze-project-manager,https://weworkremotely.com/remote-jobs/spiralyze-project-manager
We Work Remotely RSS,https://weworkremotely.com/remote-jobs.rss,DevOps Engineer,"createIT s.c. Borkowski Bartosz, Fredrych Aleksander",Anywhere in the World,"May 18, 2026 (6 days ago)",74.81,47.0,66.47,Verify First,22.07,https://weworkremotely.com/remote-jobs/createit-s-c-borkowski-bartosz-fredrych-aleksander-devops-engineer,https://weworkremotely.com/remote-jobs/createit-s-c-borkowski-bartosz-fredrych-aleksander-devops-engineer
