Source,Role,Company,Location,CV Match %,Trust,Quality,Final,Fraud Risk %,Badge,Listing URL,Apply URL
We Work Remotely RSS,AI Engineer/Python Develope,Toptal,"Anywhere in the World, California, 🇮🇳 India",8.07,87.32,62.0,79.72,2.6,Promising,https://weworkremotely.com/remote-jobs/toptal-ai-engineer-python-develope,https://weworkremotely.com/remote-jobs/toptal-ai-engineer-python-develope
Remotive API,Senior DevOps Engineer,Lemon.io,"Americas, Europe, Asia, Oceania",7.53,93.16,78.0,88.61,0.98,Trusted Pick,https://remotive.com/remote-jobs/devops/senior-devops-engineer-2090002,https://remotive.com/remote-jobs/devops/senior-devops-engineer-2090002
Remotive API,Senior Full-stack React Developer,Lemon.io,"Americas, Europe, Asia, Oceania",6.95,93.19,80.0,89.23,0.93,Trusted Pick,https://remotive.com/remote-jobs/software-development/senior-full-stack-react-developer-2088711,https://remotive.com/remote-jobs/software-development/senior-full-stack-react-developer-2088711
We Work Remotely RSS,Devops,Mutt Data,Anywhere in the World,5.66,84.5,77.0,82.25,7.73,Promising,https://weworkremotely.com/remote-jobs/mutt-data-devops,https://weworkremotely.com/remote-jobs/mutt-data-devops
Remotive API,Tech Lead Full-Stack Rails Engineer,Mitre Media,"USA, Canada, USA timezones",5.6,91.87,79.0,88.01,0.88,Trusted Pick,https://remotive.com/remote-jobs/software-development/tech-lead-full-stack-rails-engineer-2069746,https://remotive.com/remote-jobs/software-development/tech-lead-full-stack-rails-engineer-2069746
We Work Remotely RSS,[DevOps Cubes] Full DevOps Engineer,Cubes Technology,Anywhere in the World,5.18,82.48,69.0,78.44,11.39,Promising,https://weworkremotely.com/remote-jobs/cubos-tecnologia-cubos-devops-pessoa-engenheira-de-devops-pleno,https://weworkremotely.com/remote-jobs/cubos-tecnologia-cubos-devops-pessoa-engenheira-de-devops-pleno
Remotive API,iOS Developer,nooro,USA,4.95,91.56,85.0,89.59,1.44,Trusted Pick,https://remotive.com/remote-jobs/software-development/ios-developer-1956455,https://nooro-us.com/
We Work Remotely RSS,Frontend Engineer,Mobena,"Anywhere in the World, Maryland, 🇺🇸 United States of America",4.56,88.42,59.0,79.6,0.6,Promising,https://weworkremotely.com/remote-jobs/mobena-frontend-engineer,https://weworkremotely.com/remote-jobs/mobena-frontend-engineer
Jobicy API,Principal Software Engineer – Postgres,Clickhouse,Netherlands,4.33,93.12,87.0,91.28,1.06,Trusted Pick,https://jobicy.com/jobs/144518-principal-software-engineer-postgres,https://jobicy.com/jobs/144518-principal-software-engineer-postgres
We Work Remotely RSS,Senior Frontend Developer,Sanctuary Computer,"Anywhere in the World, New York",4.28,88.4,85.0,87.38,0.63,Trusted Pick,https://weworkremotely.com/remote-jobs/sanctuary-computer-senior-frontend-developer-2,https://weworkremotely.com/remote-jobs/sanctuary-computer-senior-frontend-developer-2
Jobicy API,"Software Engineer, Agentic Data Plane",Redpanda Data,Poland,4.14,93.24,80.0,89.27,0.84,Trusted Pick,https://jobicy.com/jobs/144511-software-engineer-agentic-data-plane,https://jobicy.com/jobs/144511-software-engineer-agentic-data-plane
We Work Remotely RSS,Full-Stack Developer — .NET + React + Azure — Remote (US),ShiftForce LLC,"Anywhere in the World, Missouri",4.09,88.01,75.0,84.11,1.34,Promising,https://weworkremotely.com/remote-jobs/shiftforce-llc-full-stack-developer-net-react-azure-remote-us,https://weworkremotely.com/remote-jobs/shiftforce-llc-full-stack-developer-net-react-azure-remote-us
We Work Remotely RSS,Junior Full-Stack Developer (Laravel and VueJS),Appetiser,Anywhere in the World,3.9,84.51,72.0,80.76,7.7,Promising,https://weworkremotely.com/remote-jobs/appetiser-junior-full-stack-developer-laravel-and-vuejs,https://weworkremotely.com/remote-jobs/appetiser-junior-full-stack-developer-laravel-and-vuejs
Jobicy API,"Staff Software Engineer, Agentic Data Plane (Poland)",Redpanda Data,Poland,3.87,93.03,79.0,88.82,1.21,Trusted Pick,https://jobicy.com/jobs/144510-staff-software-engineer-agentic-data-plane-poland,https://jobicy.com/jobs/144510-staff-software-engineer-agentic-data-plane-poland
We Work Remotely RSS,Senior Software Engineer - Backend/Python - USA Only (100% Remote),Close,"Anywhere in the World, Wyoming",3.81,85.16,83.0,84.51,6.52,Promising,https://weworkremotely.com/remote-jobs/close-senior-software-engineer-backend-python-usa-only-100-remote-1,https://weworkremotely.com/remote-jobs/close-senior-software-engineer-backend-python-usa-only-100-remote-1
We Work Remotely RSS,Staff Software Engineer - AI Website Builder - US (Remote),Luxury Presence,Anywhere in the World,3.8,88.22,90.0,88.75,0.97,Trusted Pick,https://weworkremotely.com/remote-jobs/luxury-presence-staff-software-engineer-ai-website-builder-us-remote,https://weworkremotely.com/remote-jobs/luxury-presence-staff-software-engineer-ai-website-builder-us-remote
Jobicy API,Senior Full Stack Engineer (US & Canada),infisical,USA,3.77,93.38,84.0,90.57,0.57,Trusted Pick,https://jobicy.com/jobs/144622-senior-full-stack-engineer-us-canada,https://jobicy.com/jobs/144622-senior-full-stack-engineer-us-canada
We Work Remotely RSS,Senior DevOps Engineer - CI/CD Migrations (100% Remote),Knowmad Mood,Anywhere in the World,3.68,83.92,75.0,81.24,8.79,Promising,https://weworkremotely.com/remote-jobs/knowmad-mood-senior-devops-engineer-migraciones-ci-cd-remoto-100,https://weworkremotely.com/remote-jobs/knowmad-mood-senior-devops-engineer-migraciones-ci-cd-remoto-100
Jobicy API,Journeyman Data Scientist,ManTech,USA,3.64,92.36,77.0,87.75,2.43,Trusted Pick,https://jobicy.com/jobs/144624-journeyman-data-scientist,https://jobicy.com/jobs/144624-journeyman-data-scientist
Jobicy API,AI/ML Engineering,Cint,Czechia,3.43,92.58,88.0,91.21,2.04,Trusted Pick,https://jobicy.com/jobs/144709-ai-ml-engineering,https://jobicy.com/jobs/144709-ai-ml-engineering
We Work Remotely RSS,DevOps Engineer,"createIT s.c. Borkowski Bartosz, Fredrych Aleksander",Anywhere in the World,3.41,74.81,47.0,66.47,22.07,Verify First,https://weworkremotely.com/remote-jobs/createit-s-c-borkowski-bartosz-fredrych-aleksander-devops-engineer,https://weworkremotely.com/remote-jobs/createit-s-c-borkowski-bartosz-fredrych-aleksander-devops-engineer
We Work Remotely RSS,Full Stack AI Engineer,Reveleer,"Anywhere in the World, California",3.4,88.25,67.0,81.87,0.91,Promising,https://weworkremotely.com/remote-jobs/reveleer-full-stack-ai-engineer,https://weworkremotely.com/remote-jobs/reveleer-full-stack-ai-engineer
We Work Remotely RSS,Senior Software Engineer,Stellar AI,"Anywhere in the World, Delaware",3.3,86.82,65.0,80.27,3.51,Promising,https://weworkremotely.com/remote-jobs/stellar-ai-senior-software-engineer,https://weworkremotely.com/remote-jobs/stellar-ai-senior-software-engineer
We Work Remotely RSS,Staff Software Engineer - Data Infrastructure,Praia Health Inc.,"Anywhere in the World, Washington, 🇨🇦 Canada and 🇺🇸 United States of America",3.05,87.56,78.0,84.69,2.16,Promising,https://weworkremotely.com/remote-jobs/praia-health-inc-staff-software-engineer-data-infrastructure,https://weworkremotely.com/remote-jobs/praia-health-inc-staff-software-engineer-data-infrastructure
We Work Remotely RSS,DevOps Engineer (Remote),Rhino Partners,Anywhere in the World,2.96,81.91,57.0,74.44,12.44,Promising,https://weworkremotely.com/remote-jobs/rhino-partners-devops-engineer-remote,https://weworkremotely.com/remote-jobs/rhino-partners-devops-engineer-remote
Jobicy API,"Sr. Engineering Manager, Agentic Data Plane",Redpanda Data,Poland,2.94,93.22,80.0,89.26,0.87,Trusted Pick,https://jobicy.com/jobs/144516-sr-engineering-manager-agentic-data-plane,https://jobicy.com/jobs/144516-sr-engineering-manager-agentic-data-plane
We Work Remotely RSS,"Senior Software Engineer, Web",Speechify Inc,"Anywhere in the World, Florida",2.94,84.47,60.0,77.13,7.78,Promising,https://weworkremotely.com/remote-jobs/speechify-inc-senior-software-engineer-web-1,https://weworkremotely.com/remote-jobs/speechify-inc-senior-software-engineer-web-1
We Work Remotely RSS,Dynamics 365 CE Developer [100% Remote],CashMe,Anywhere in the World,2.87,78.7,68.0,75.49,18.27,Promising,https://weworkremotely.com/remote-jobs/cashme-desenvolvedor-dynamics-365-ce-100-remota,https://weworkremotely.com/remote-jobs/cashme-desenvolvedor-dynamics-365-ce-100-remota
Jobicy API,Senior Business Engineer – Ads,Reddit,USA,2.86,92.93,95.0,93.55,1.39,Trusted Pick,https://jobicy.com/jobs/144633-senior-business-engineer-ads,https://www.redditinc.com/careers/
We Work Remotely RSS,Platform Engineer,Catamaran Research,Anywhere in the World,2.83,88.13,79.0,85.39,1.12,Trusted Pick,https://weworkremotely.com/remote-jobs/catamaran-research-platform-engineer,https://weworkremotely.com/remote-jobs/catamaran-research-platform-engineer
Jobicy API,Senior Data Platform Engineer,1Password,"Canada, USA",2.75,92.91,93.0,92.94,1.43,Trusted Pick,https://jobicy.com/jobs/144689-senior-data-platform-engineer,https://jobicy.com/jobs/144689-senior-data-platform-engineer
Remotive API,Office Assistant,Coalition Technologies,Worldwide,2.74,89.68,89.0,89.48,4.86,Trusted Pick,https://remotive.com/remote-jobs/marketing/office-assistant-1680495,https://remotive.com/remote-jobs/marketing/office-assistant-1680495
Jobicy API,Full Stack Developer,ManTech,USA,2.74,92.31,86.0,90.42,2.52,Trusted Pick,https://jobicy.com/jobs/144627-full-stack-developer-3,https://jobicy.com/jobs/144627-full-stack-developer-3
We Work Remotely RSS,"Backend Engineer, 80-100% (f/m/x)",comparis.ch,"Anywhere in the World, Zürich, 🇦🇱 Albania, 🇧🇦 Bosnia and Herzegovina, 🇨🇿 Czechia, 🇬🇷 Greece, 🇭🇷 Croatia, 🇭🇺 Hungary, 🇱🇹 Lithuania, 🇱🇻 Latvia, 🇲🇰 North Macedonia, 🇲🇹 Malta, 🇵🇱 Poland, 🇵🇹 Portugal, 🇷🇴 Romania, 🇷🇸 Serbia, 🇸🇮 Slovenia, 🇸🇰 Slovakia, 🇹🇷 Türkiye, and 🇺🇦 Ukraine",2.66,83.21,67.0,78.34,10.08,Promising,https://weworkremotely.com/remote-jobs/comparis-ch-backend-engineer-80-100-f-m-x,https://weworkremotely.com/remote-jobs/comparis-ch-backend-engineer-80-100-f-m-x
We Work Remotely RSS,AI Research Engineer,Tether,"Anywhere in the World, California",2.65,82.48,72.0,79.34,1.58,Promising,https://weworkremotely.com/remote-jobs/tether-ai-research-engineer,https://careers.tether.io/
Jobicy API,Provisioning Engineer,Five9,Philippines,2.6,88.02,79.0,85.31,10.33,Trusted Pick,https://jobicy.com/jobs/144521-provisioning-engineer,https://www.five9.com/pt-pt/legal
Jobicy API,UU/UX Junior AI Application Developer,ManTech,USA,2.55,92.89,87.0,91.12,1.47,Trusted Pick,https://jobicy.com/jobs/144625-uu-ux-junior-ai-application-developer,https://jobicy.com/jobs/144625-uu-ux-junior-ai-application-developer
Remotive API,Staff Product Engineer,LawnStarter,Brazil,2.5,91.28,88.0,90.3,1.94,Trusted Pick,https://remotive.com/remote-jobs/product/staff-product-engineer-2090890,https://remotive.com/remote-jobs/product/staff-product-engineer-2090890
Jobicy API,"Senior Manager, Solutions Architect",Vercel,Australia,2.41,92.85,87.0,91.1,1.54,Trusted Pick,https://jobicy.com/jobs/144530-senior-manager-solutions-architect,https://jobicy.com/jobs/144530-senior-manager-solutions-architect
We Work Remotely RSS,IaC Professional | DevOps,Radix,Anywhere in the World,2.4,83.64,71.0,79.85,9.3,Promising,https://weworkremotely.com/remote-jobs/radix-profissional-iac-devops,https://weworkremotely.com/remote-jobs/radix-profissional-iac-devops
Jobicy API,AI Engineer,Ruby Labs,Ukraine,2.36,92.41,79.0,88.39,2.35,Trusted Pick,https://jobicy.com/jobs/144512-ai-engineer-3,https://rubylabs.com/about-us/
We Work Remotely RSS,"Software Engineer, iOS Core Product",Speechify,Anywhere in the World,2.24,86.17,85.0,85.82,4.69,Trusted Pick,https://weworkremotely.com/remote-jobs/speechify-software-engineer-ios-core-product,https://weworkremotely.com/remote-jobs/speechify-software-engineer-ios-core-product
We Work Remotely RSS,Staff Software Engineer (Magic Containers),bunny.net,"Anywhere in the World, Ljubljana",2.11,87.83,80.0,85.48,1.67,Trusted Pick,https://weworkremotely.com/remote-jobs/bunny-net-staff-software-engineer-magic-containers,https://weworkremotely.com/remote-jobs/bunny-net-staff-software-engineer-magic-containers
Jobicy API,"Senior Technical Product Manager, Ads ML Platform",Reddit,USA,2.1,92.87,90.0,92.01,1.51,Trusted Pick,https://jobicy.com/jobs/144634-senior-technical-product-manager-ads-ml-platform,https://www.redditinc.com/careers/
Jobicy API,Associate Staff Engineer(AI),Nagarro,China,2.07,92.82,69.0,85.67,1.6,Trusted Pick,https://jobicy.com/jobs/144522-associate-staff-engineerai,https://jobicy.com/jobs/144522-associate-staff-engineerai
